REGISTRO,PASTA,ARQUIVO,TAMANHO,DATA,HORA
1,,002813_001.EMF,40136.0,2024-12-10,15:17
2,,003689_001.jpg,205746.0,2024-10-25,16:33
3,,003707_001.jpg,139070.0,2024-10-30,14:55
4,,003740_001.EMF,33684.0,2024-12-09,17:46
5,,003740_001.jpg,216749.0,2024-11-05,16:59
6,,003836_001.EMF,26248.0,2024-11-22,17:23
7,,003848_001.EMF,30776.0,2024-11-26,09:52
8,,003849_001.EMF,31228.0,2024-12-10,13:59
9,,003860_001.EMF,48928.0,2024-11-25,14:04
10,,003861_001.EMF,35320.0,2024-11-22,15:52
11,,003865_001.EMF,18908.0,2024-11-22,15:23
12,,003865_001.jpg,132679.0,2024-11-22,15:12
13,,003868_001.EMF,36824.0,2024-11-25,17:23
14,,003869_001.EMF,33372.0,2024-11-26,16:09
15,,003872_001.EMF,27784.0,2024-11-26,15:05
16,,003873_001.EMF,21296.0,2024-11-25,14:55
17,,003874_001.EMF,16836.0,2024-11-25,10:18
18,,003875_001.EMF,21624.0,2024-11-25,14:49
19,,003878_001.EMF,28248.0,2024-11-26,09:48
20,,003883_001.EMF,23096.0,2024-11-26,14:39
21,,003885_001.EMF,21304.0,2024-11-26,17:23
22,,003887_001.EMF,28976.0,2024-11-27,08:44
23,,003888_001.EMF,47096.0,2024-11-27,15:58
24,,003889_001.EMF,36872.0,2024-12-11,11:25
25,,003891_001.EMF,33832.0,2024-11-27,10:47
26,,003892_001.EMF,33088.0,2024-11-29,16:04
27,,003894_001.EMF,22424.0,2024-11-27,14:28
28,,003896_001.EMF,35396.0,2024-11-28,11:49
29,,003898_001.EMF,53456.0,2024-12-05,08:43
30,,003900_001.EMF,30776.0,2024-11-28,16:41
31,,003901_001.EMF,27752.0,2024-11-28,16:54
32,,003902_001.EMF,27772.0,2024-11-29,14:07
33,,003908_001.EMF,33884.0,2024-11-29,16:46
34,,003910_001.EMF,36824.0,2024-12-02,08:12
35,,003912_001.EMF,48500.0,2024-12-03,13:43
36,,003913_001.EMF,33544.0,2024-12-02,11:12
37,,003914_001.EMF,30776.0,2024-12-02,13:46
38,,003916_001.EMF,36864.0,2024-12-02,17:11
39,,003917_001.EMF,26124.0,2024-12-02,13:17
40,,003919_001.EMF,33800.0,2024-12-03,14:37
41,,003921_001.EMF,39848.0,2024-12-04,08:19
42,,003923_001.EMF,51952.0,2024-12-05,09:10
43,,003924_001.EMF,24360.0,2024-12-03,11:30
44,,003927_001.EMF,28864.0,2024-12-04,11:52
45,,003928_001.EMF,43860.0,2024-12-04,11:45
46,,003933_001.EMF,22840.0,2024-12-04,16:49
47,,003934_001.EMF,33872.0,2024-12-05,14:09
48,,003936_001.EMF,29264.0,2024-12-05,13:31
49,,003937_001.EMF,45904.0,2024-12-06,09:27
50,,003938_001.EMF,24352.0,2024-12-05,16:32
51,,003939_001.EMF,30808.0,2024-12-05,16:37
52,,003944_001.EMF,27792.0,2024-12-06,13:21
53,,003946_001.EMF,23968.0,2024-12-06,14:27
54,,003947_001.EMF,30776.0,2024-12-06,13:17
55,,003951_001.EMF,29348.0,2024-12-10,08:10
56,,003955_001.EMF,21336.0,2024-12-06,14:39
57,,003956_001.EMF,36832.0,2024-12-09,10:03
58,,003962_001.EMF,21304.0,2024-12-12,08:13
59,,003963_001.EMF,27844.0,2024-12-11,07:43
60,,003965_001.EMF,24768.0,2024-12-09,13:32
61,,003967_001.EMF,25356.0,2024-12-09,16:20
62,,003969_001.EMF,40176.0,2024-12-16,16:04
63,,003971_001.EMF,49876.0,2024-12-12,10:57
64,,003972_001.EMF,25428.0,2024-12-11,11:21
65,,003973_001.EMF,33840.0,2024-12-10,11:25
66,,003974_001.EMF,52940.0,2024-12-10,17:24
67,,003976_001.EMF,21336.0,2024-12-10,10:53
68,,003977_001.EMF,27792.0,2024-12-10,13:14
69,,003979_001.EMF,38344.0,2024-12-11,10:53
70,,003982_001.EMF,25356.0,2024-12-11,11:20
71,,003983_001.EMF,31772.0,2024-12-11,10:42
72,,003984_001.EMF,24352.0,2024-12-11,11:48
73,,003985_001.EMF,26248.0,2024-12-11,17:12
74,,003987_001.EMF,29296.0,2024-12-11,16:48
75,,003988_001.EMF,27760.0,2024-12-12,16:45
76,,003990_001.EMF,28708.0,2024-12-12,15:07
77,,003992_001.EMF,30808.0,2024-12-12,14:54
78,,003993_001.EMF,28708.0,2024-12-12,16:58
79,,003994_001.EMF,48920.0,2024-12-12,17:13
80,,003995_001.EMF,26280.0,2024-12-12,09:41
81,,003997_001.EMF,26272.0,2024-12-12,09:39
82,,003998_001.EMF,44300.0,2024-12-16,13:36
83,,004000_001.EMF,32328.0,2024-12-13,07:54
84,,004002_001.EMF,41580.0,2024-12-13,13:41
85,,004006_001.EMF,21304.0,2024-12-12,17:49
86,,004007_001.EMF,40564.0,2024-12-13,14:22
87,,004010_001.EMF,21328.0,2024-12-13,09:05
88,,004011_001.EMF,26240.0,2024-12-13,10:25
89,,004012_001.EMF,21328.0,2024-12-13,11:34
90,,004013_001.EMF,27204.0,2024-12-13,13:29
91,,004017_001.EMF,35112.0,2024-12-17,15:42
92,,004019_001.EMF,39300.0,2024-12-16,14:27
93,,004020_001.EMF,27480.0,2024-12-16,16:18
94,,004021_001.EMF,27288.0,2024-12-16,16:01
95,,004022_001.EMF,38336.0,2024-12-17,14:25
96,,004023_001.EMF,33800.0,2024-12-16,16:05
97,,004024_001.EMF,28716.0,2024-12-16,16:11
98,,004027_001.EMF,36864.0,2024-12-17,07:54
99,,004031_001.EMF,27752.0,2024-12-17,15:44
100,,004032_001.EMF,18900.0,2024-12-17,09:25
101,,004035_001.EMF,31816.0,2024-12-17,14:31
102,,004036_001.EMF,22808.0,2024-12-17,11:42
103,,004038_001.EMF,30220.0,2024-12-17,14:01
104,,004710_001.jpg,199349.0,2025-05-26,09:53
105,,Impressão da OS 002813_002.JPG,53007.0,2024-12-10,15:17
106,,Impressão da OS 002959_001.JPG,270045.0,2025-06-13,15:45
107,,Impressão da OS 003371_001.JPG,227294.0,2025-02-26,17:03
108,,Impressão da OS 003654_001.JPG,245304.0,2024-10-25,15:16
109,,Impressão da OS 003655_001.JPG,225400.0,2024-11-04,15:37
110,,Impressão da OS 003678_001.JPG,287221.0,2024-10-25,13:48
111,,Impressão da OS 003679_001.JPG,241964.0,2024-10-31,16:00
112,,Impressão da OS 003679_002.JPG,43773.0,2024-10-30,12:24
113,,Impressão da OS 003685_001.JPG,251819.0,2024-10-29,08:27
114,,Impressão da OS 003686_001.JPG,202502.0,2024-10-25,15:44
115,,Impressão da OS 003690_001.JPG,244265.0,2024-10-28,17:22
116,,Impressão da OS 003691_001.JPG,187142.0,2024-10-28,17:26
117,,Impressão da OS 003693_001.JPG,178220.0,2024-10-28,17:25
118,,Impressão da OS 003694_001.JPG,178483.0,2024-10-28,10:39
119,,Impressão da OS 003697_001.JPG,194488.0,2024-10-30,16:42
120,,Impressão da OS 003698_001.JPG,225064.0,2024-10-29,14:10
121,,Impressão da OS 003699_001.JPG,246673.0,2024-10-29,16:45
122,,Impressão da OS 003700_001.JPG,189689.0,2024-10-29,13:25
123,,Impressão da OS 003702_001.JPG,162769.0,2024-10-30,09:25
124,,Impressão da OS 003704_001.JPG,161185.0,2024-10-30,16:36
125,,Impressão da OS 003705_001.JPG,205231.0,2024-10-30,15:31
126,,Impressão da OS 003707_002.JPG,30451.0,2024-10-30,14:47
127,,Impressão da OS 003712_001.JPG,270098.0,2024-10-31,17:06
128,,Impressão da OS 003714_001.JPG,263424.0,2024-11-01,13:14
129,,Impressão da OS 003716_001.JPG,169304.0,2024-10-31,15:19
130,,Impressão da OS 003719_001.JPG,200544.0,2024-11-01,10:52
131,,Impressão da OS 003721_001.JPG,197959.0,2024-11-01,13:11
132,,Impressão da OS 003723_001.JPG,237364.0,2024-11-01,16:48
133,,Impressão da OS 003724_001.JPG,159610.0,2024-11-12,09:41
134,,Impressão da OS 003727_001.JPG,190902.0,2024-11-04,11:25
135,,Impressão da OS 003729_001.JPG,172881.0,2024-11-04,10:50
136,,Impressão da OS 003732_001.JPG,193711.0,2024-11-04,13:28
137,,Impressão da OS 003733_001.JPG,209696.0,2024-11-04,15:30
138,,Impressão da OS 003734_001.JPG,310214.0,2024-11-08,16:58
139,,Impressão da OS 003737_001.JPG,201816.0,2024-11-05,13:11
140,,Impressão da OS 003739_001.JPG,235305.0,2024-11-05,15:00
141,,Impressão da OS 003740_002.JPG,49988.0,2024-12-09,17:46
142,,Impressão da OS 003741_001.JPG,173649.0,2024-11-05,14:04
143,,Impressão da OS 003742_001.JPG,193551.0,2024-11-05,16:02
144,,Impressão da OS 003743_001.JPG,217020.0,2024-11-06,07:46
145,,Impressão da OS 003745_001.JPG,163589.0,2024-11-06,08:25
146,,Impressão da OS 003746_001.JPG,254207.0,2024-11-06,17:02
147,,Impressão da OS 003747_001.JPG,230881.0,2024-11-11,16:37
148,,Impressão da OS 003749_001.JPG,172644.0,2024-11-06,10:46
149,,Impressão da OS 003750_001.JPG,189896.0,2024-11-08,15:38
150,,Impressão da OS 003752_001.JPG,199115.0,2024-11-07,16:24
151,,Impressão da OS 003753_001.JPG,188567.0,2024-11-11,10:02
152,,Impressão da OS 003754_001.JPG,162116.0,2024-11-07,14:47
153,,Impressão da OS 003760_001.JPG,214103.0,2024-11-12,14:24
154,,Impressão da OS 003762_001.JPG,205112.0,2024-11-08,15:32
155,,Impressão da OS 003763_001.JPG,222064.0,2024-11-08,15:54
156,,Impressão da OS 003764_001.JPG,178622.0,2024-11-08,07:49
157,,Impressão da OS 003766_001.JPG,242344.0,2024-11-19,14:09
158,,Impressão da OS 003767_001.JPG,192754.0,2024-11-08,15:04
159,,Impressão da OS 003768_001.JPG,213459.0,2024-11-12,07:07
160,,Impressão da OS 003770_001.JPG,184388.0,2024-11-08,16:43
161,,Impressão da OS 003771_001.JPG,174795.0,2024-11-11,10:39
162,,Impressão da OS 003774_001.JPG,211728.0,2024-11-11,16:28
163,,Impressão da OS 003781_001.JPG,212981.0,2024-11-13,14:38
164,,Impressão da OS 003782_001.JPG,189544.0,2024-11-12,16:13
165,,Impressão da OS 003784_001.JPG,171469.0,2024-11-12,10:04
166,,Impressão da OS 003785_001.JPG,173042.0,2024-11-12,08:43
167,,Impressão da OS 003786_001.JPG,154745.0,2024-11-13,16:40
168,,Impressão da OS 003787_001.JPG,166374.0,2024-11-12,09:25
169,,Impressão da OS 003788_001.JPG,179787.0,2024-11-12,10:50
170,,Impressão da OS 003792_001.JPG,197471.0,2024-11-12,16:15
171,,Impressão da OS 003794_001.JPG,210213.0,2024-11-12,16:51
172,,Impressão da OS 003798_001.JPG,185974.0,2024-11-13,17:14
173,,Impressão da OS 003799_001.JPG,205199.0,2024-11-13,13:41
174,,Impressão da OS 003800_001.JPG,296056.0,2024-11-13,09:39
175,,Impressão da OS 003801_001.JPG,191053.0,2024-11-14,14:54
176,,Impressão da OS 003802_001.JPG,201639.0,2024-11-13,16:36
177,,Impressão da OS 003806_001.JPG,157534.0,2024-11-14,16:44
178,,Impressão da OS 003807_001.JPG,283102.0,2024-11-14,09:56
179,,Impressão da OS 003808_001.JPG,228119.0,2024-11-14,15:01
180,,Impressão da OS 003809_001.JPG,177038.0,2024-11-20,18:05
181,,Impressão da OS 003810_001.JPG,160012.0,2024-11-14,10:47
182,,Impressão da OS 003814_001.JPG,193656.0,2024-11-19,08:21
183,,Impressão da OS 003815_001.JPG,215488.0,2024-11-21,14:21
184,,Impressão da OS 003817_001.JPG,191465.0,2024-11-19,11:48
185,,Impressão da OS 003818_001.JPG,170812.0,2024-11-21,15:13
186,,Impressão da OS 003819_001.JPG,257703.0,2024-11-20,14:39
187,,Impressão da OS 003820_001.JPG,167900.0,2024-11-19,08:18
188,,Impressão da OS 003826_001.JPG,166741.0,2024-11-19,09:36
189,,Impressão da OS 003828_001.JPG,217651.0,2024-11-19,17:40
190,,Impressão da OS 003831_001.JPG,289414.0,2024-11-21,11:14
191,,Impressão da OS 003834_001.JPG,280807.0,2024-11-21,15:02
192,,Impressão da OS 003835_001.JPG,205972.0,2024-11-21,11:16
193,,Impressão da OS 003836_002.JPG,40678.0,2024-11-22,17:23
194,,Impressão da OS 003838_001.JPG,164510.0,2024-11-20,11:27
195,,Impressão da OS 003839_001.JPG,178915.0,2024-11-20,11:29
196,,Impressão da OS 003843_001.JPG,163831.0,2024-11-20,17:33
197,,Impressão da OS 003846_001.JPG,178012.0,2024-11-21,11:19
198,,Impressão da OS 003847_001.JPG,239440.0,2024-11-21,09:17
199,,Impressão da OS 003848_002.JPG,44392.0,2024-11-26,09:52
200,,Impressão da OS 003849_002.JPG,49347.0,2024-12-10,14:00
201,,Impressão da OS 003850_001.JPG,219695.0,2024-11-21,10:50
202,,Impressão da OS 003852_001.JPG,201167.0,2024-11-22,09:34
203,,Impressão da OS 003856_001.JPG,221739.0,2024-11-22,13:13
204,,Impressão da OS 003858_001.JPG,195265.0,2024-11-22,10:22
205,,Impressão da OS 003859_001.JPG,188074.0,2024-11-22,14:46
206,,Impressão da OS 003860_002.JPG,53143.0,2024-11-25,14:04
207,,Impressão da OS 003861_002.JPG,46852.0,2024-11-22,15:52
208,,Impressão da OS 003865_002.JPG,28604.0,2024-11-22,15:23
209,,Impressão da OS 003868_002.JPG,47177.0,2024-11-25,17:23
210,,Impressão da OS 003869_002.JPG,46976.0,2024-11-26,16:09
211,,Impressão da OS 003872_002.JPG,41265.0,2024-11-26,15:05
212,,Impressão da OS 003873_002.JPG,35038.0,2024-11-25,14:55
213,,Impressão da OS 003874_002.JPG,32551.0,2024-11-25,10:18
214,,Impressão da OS 003875_002.JPG,36283.0,2024-11-25,14:49
215,,Impressão da OS 003878_002.JPG,40236.0,2024-11-26,09:48
216,,Impressão da OS 003883_002.JPG,36944.0,2024-11-26,14:39
217,,Impressão da OS 003885_002.JPG,35272.0,2024-11-26,17:23
218,,Impressão da OS 003887_002.JPG,36837.0,2024-11-27,08:44
219,,Impressão da OS 003888_002.JPG,54789.0,2024-11-27,15:58
220,,Impressão da OS 003889_002.JPG,47759.0,2024-12-11,11:25
221,,Impressão da OS 003891_002.JPG,42255.0,2024-11-27,10:47
222,,Impressão da OS 003892_002.JPG,48759.0,2024-11-29,16:04
223,,Impressão da OS 003894_002.JPG,37617.0,2024-11-27,14:28
224,,Impressão da OS 003896_002.JPG,46062.0,2024-11-28,11:49
225,,Impressão da OS 003898_002.JPG,57509.0,2024-12-05,08:43
226,,Impressão da OS 003900_002.JPG,42221.0,2024-11-28,16:42
227,,Impressão da OS 003901_002.JPG,41112.0,2024-11-28,16:54
228,,Impressão da OS 003902_002.JPG,37435.0,2024-11-29,14:07
229,,Impressão da OS 003908_002.JPG,47788.0,2024-11-29,16:46
230,,Impressão da OS 003910_002.JPG,39586.0,2024-12-02,08:12
231,,Impressão da OS 003912_002.JPG,60154.0,2024-12-03,13:43
232,,Impressão da OS 003913_002.JPG,37391.0,2024-12-02,11:12
233,,Impressão da OS 003914_002.JPG,43721.0,2024-12-02,13:46
234,,Impressão da OS 003916_002.JPG,47358.0,2024-12-02,17:11
235,,Impressão da OS 003917_002.JPG,39357.0,2024-12-02,13:17
236,,Impressão da OS 003919_002.JPG,44759.0,2024-12-03,14:37
237,,Impressão da OS 003921_002.JPG,50014.0,2024-12-04,08:19
238,,Impressão da OS 003923_002.JPG,55617.0,2024-12-05,09:10
239,,Impressão da OS 003924_002.JPG,37602.0,2024-12-03,11:31
240,,Impressão da OS 003927_002.JPG,38834.0,2024-12-04,11:52
241,,Impressão da OS 003928_002.JPG,50902.0,2024-12-04,11:45
242,,Impressão da OS 003933_002.JPG,36588.0,2024-12-04,16:49
243,,Impressão da OS 003934_002.JPG,46137.0,2024-12-05,14:09
244,,Impressão da OS 003936_002.JPG,41816.0,2024-12-05,13:31
245,,Impressão da OS 003937_002.JPG,57834.0,2024-12-06,09:27
246,,Impressão da OS 003938_002.JPG,38160.0,2024-12-05,16:32
247,,Impressão da OS 003939_002.JPG,44015.0,2024-12-05,16:37
248,,Impressão da OS 003944_002.JPG,41400.0,2024-12-06,13:21
249,,Impressão da OS 003946_002.JPG,38322.0,2024-12-06,14:27
250,,Impressão da OS 003947_002.JPG,43764.0,2024-12-06,13:17
251,,Impressão da OS 003951_002.JPG,43487.0,2024-12-10,08:10
252,,Impressão da OS 003955_002.JPG,34915.0,2024-12-06,14:39
253,,Impressão da OS 003956_002.JPG,47914.0,2024-12-09,10:03
254,,Impressão da OS 003962_002.JPG,35734.0,2024-12-12,08:13
255,,Impressão da OS 003963_002.JPG,42170.0,2024-12-11,07:43
256,,Impressão da OS 003965_002.JPG,38817.0,2024-12-09,13:32
257,,Impressão da OS 003967_002.JPG,38056.0,2024-12-09,16:20
258,,Impressão da OS 003969_002.JPG,50990.0,2024-12-16,16:04
259,,Impressão da OS 003971_002.JPG,60473.0,2024-12-12,10:57
260,,Impressão da OS 003972_002.JPG,39290.0,2024-12-11,11:21
261,,Impressão da OS 003973_002.JPG,46056.0,2024-12-10,11:25
262,,Impressão da OS 003974_002.JPG,63443.0,2024-12-10,17:24
263,,Impressão da OS 003976_002.JPG,35357.0,2024-12-10,10:53
264,,Impressão da OS 003977_002.JPG,40977.0,2024-12-10,13:14
265,,Impressão da OS 003979_002.JPG,50808.0,2024-12-11,10:53
266,,Impressão da OS 003982_002.JPG,38181.0,2024-12-11,11:20
267,,Impressão da OS 003983_002.JPG,45272.0,2024-12-11,10:42
268,,Impressão da OS 003984_002.JPG,37385.0,2024-12-11,11:48
269,,Impressão da OS 003985_002.JPG,34664.0,2024-12-11,17:12
270,,Impressão da OS 003987_002.JPG,38332.0,2024-12-11,16:48
271,,Impressão da OS 003988_002.JPG,41672.0,2024-12-12,16:45
272,,Impressão da OS 003990_002.JPG,43047.0,2024-12-12,15:07
273,,Impressão da OS 003992_002.JPG,44460.0,2024-12-12,14:54
274,,Impressão da OS 003993_002.JPG,42894.0,2024-12-12,16:58
275,,Impressão da OS 003994_002.JPG,59702.0,2024-12-12,17:13
276,,Impressão da OS 003995_002.JPG,39548.0,2024-12-12,09:41
277,,Impressão da OS 003997_002.JPG,39529.0,2024-12-12,09:39
278,,Impressão da OS 003998_002.JPG,54835.0,2024-12-16,13:36
279,,Impressão da OS 004000_002.JPG,45154.0,2024-12-13,07:54
280,,Impressão da OS 004002_002.JPG,53608.0,2024-12-13,13:41
281,,Impressão da OS 004004_001.JPG,257061.0,2024-12-20,07:47
282,,Impressão da OS 004004_002.JPG,45279.0,2024-12-12,16:34
283,,Impressão da OS 004006_002.JPG,36028.0,2024-12-12,17:49
284,,Impressão da OS 004007_002.JPG,51519.0,2024-12-13,14:22
285,,Impressão da OS 004010_002.JPG,35429.0,2024-12-13,09:05
286,,Impressão da OS 004011_002.JPG,39637.0,2024-12-13,10:25
287,,Impressão da OS 004012_002.JPG,35272.0,2024-12-13,11:34
288,,Impressão da OS 004013_002.JPG,41362.0,2024-12-13,13:29
289,,Impressão da OS 004017_002.JPG,49559.0,2024-12-17,15:42
290,,Impressão da OS 004019_002.JPG,50643.0,2024-12-16,14:27
291,,Impressão da OS 004020_002.JPG,40517.0,2024-12-16,16:18
292,,Impressão da OS 004021_002.JPG,42400.0,2024-12-16,16:01
293,,Impressão da OS 004022_002.JPG,50063.0,2024-12-17,14:25
294,,Impressão da OS 004023_002.JPG,45190.0,2024-12-16,16:05
295,,Impressão da OS 004024_002.JPG,43676.0,2024-12-16,16:11
296,,Impressão da OS 004027_002.JPG,48050.0,2024-12-17,07:54
297,,Impressão da OS 004031_002.JPG,41270.0,2024-12-17,15:45
298,,Impressão da OS 004032_002.JPG,32386.0,2024-12-17,09:25
299,,Impressão da OS 004033_001.JPG,238853.0,2024-12-18,11:44
300,,Impressão da OS 004034_001.JPG,279609.0,2024-12-20,16:00
301,,Impressão da OS 004035_002.JPG,46955.0,2024-12-17,14:31
302,,Impressão da OS 004036_002.JPG,36797.0,2024-12-17,11:42
303,,Impressão da OS 004038_002.JPG,43955.0,2024-12-17,14:01
304,,Impressão da OS 004045_001.JPG,246146.0,2024-12-20,09:39
305,,Impressão da OS 004046_001.JPG,254504.0,2024-12-19,09:59
306,,Impressão da OS 004047_001.JPG,191636.0,2024-12-19,13:04
307,,Impressão da OS 004049_001.JPG,181826.0,2024-12-18,11:03
308,,Impressão da OS 004052_001.JPG,200395.0,2024-12-19,07:58
309,,Impressão da OS 004053_001.JPG,228023.0,2024-12-19,13:18
310,,Impressão da OS 004056_001.JPG,203847.0,2024-12-19,13:24
311,,Impressão da OS 004059_001.JPG,189317.0,2024-12-19,09:54
312,,Impressão da OS 004060_001.JPG,187855.0,2024-12-19,13:58
313,,Impressão da OS 004062_001.JPG,159010.0,2024-12-19,12:03
314,,Impressão da OS 004063_001.JPG,180187.0,2024-12-20,07:28
315,,Impressão da OS 004065_001.JPG,176710.0,2024-12-20,09:37
316,,Impressão da OS 004066_001.JPG,185550.0,2024-12-20,08:59
317,,Impressão da OS 004068_001.JPG,200596.0,2024-12-20,11:26
318,,Impressão da OS 004069_001.JPG,155958.0,2024-12-20,09:36
319,,Impressão da OS 004070_001.JPG,173153.0,2024-12-20,10:08
320,,Impressão da OS 004071_001.JPG,202619.0,2024-12-20,14:18
321,,Impressão da OS 004072_001.JPG,212378.0,2024-12-20,14:15
322,,Impressão da OS 004074_001.JPG,169783.0,2024-12-20,17:35
323,,Impressão da OS 004076_001.JPG,157475.0,2024-12-20,17:41
324,,Impressão da OS 004077_001.JPG,201231.0,2025-01-07,09:16
325,,Impressão da OS 004078_001.JPG,199763.0,2025-01-06,14:36
326,,Impressão da OS 004079_001.JPG,324570.0,2025-02-06,17:06
327,,Impressão da OS 004080_001.JPG,300244.0,2025-01-27,18:54
328,,Impressão da OS 004081_001.JPG,191040.0,2025-01-07,07:46
329,,Impressão da OS 004088_001.JPG,147997.0,2025-01-06,14:35
330,,Impressão da OS 004089_001.JPG,153395.0,2025-01-06,16:21
331,,Impressão da OS 004090_001.JPG,235591.0,2025-01-07,09:47
332,,Impressão da OS 004093_001.JPG,231491.0,2025-01-08,13:17
333,,Impressão da OS 004095_001.JPG,208657.0,2025-01-07,11:45
334,,Impressão da OS 004096_001.JPG,201709.0,2025-01-07,11:56
335,,Impressão da OS 004097_001.JPG,195669.0,2025-01-07,11:10
336,,Impressão da OS 004098_001.JPG,160985.0,2025-01-07,11:35
337,,Impressão da OS 004099_001.JPG,199186.0,2025-01-07,10:08
338,,Impressão da OS 004101_001.JPG,220221.0,2025-01-08,15:13
339,,Impressão da OS 004102_001.JPG,322936.0,2025-01-13,10:27
340,,Impressão da OS 004104_001.JPG,180409.0,2025-01-08,15:41
341,,Impressão da OS 004108_001.JPG,118349.0,2025-01-08,14:30
342,,Impressão da OS 004110_001.JPG,191726.0,2025-01-09,08:08
343,,Impressão da OS 004113_001.JPG,195043.0,2025-01-09,13:44
344,,Impressão da OS 004114_001.JPG,222855.0,2025-01-10,12:26
345,,Impressão da OS 004115_001.JPG,154163.0,2025-01-09,11:40
346,,Impressão da OS 004117_001.JPG,202287.0,2025-02-04,11:18
347,,Impressão da OS 004124_001.JPG,278171.0,2025-01-10,17:29
348,,Impressão da OS 004125_001.JPG,192231.0,2025-01-10,15:48
349,,Impressão da OS 004130_001.JPG,169594.0,2025-01-13,16:53
350,,Impressão da OS 004133_001.JPG,246500.0,2025-01-17,07:13
351,,Impressão da OS 004136_001.JPG,209665.0,2025-01-13,17:33
352,,Impressão da OS 004138_001.JPG,175710.0,2025-01-14,08:03
353,,Impressão da OS 004142_001.JPG,165799.0,2025-01-14,17:20
354,,Impressão da OS 004145_001.JPG,274525.0,2025-01-17,14:40
355,,Impressão da OS 004146_001.JPG,275297.0,2025-01-15,12:02
356,,Impressão da OS 004147_001.JPG,180706.0,2025-01-15,15:59
357,,Impressão da OS 004148_001.JPG,16402.0,2025-01-16,08:10
358,,Impressão da OS 004149_001.JPG,211962.0,2025-01-17,10:02
359,,Impressão da OS 004152_001.JPG,197646.0,2025-01-17,14:50
360,,Impressão da OS 004153_001.JPG,154515.0,2025-01-17,09:52
361,,Impressão da OS 004154_001.JPG,233997.0,2025-01-17,15:11
362,,Impressão da OS 004156_001.JPG,186007.0,2025-01-17,17:17
363,,Impressão da OS 004158_001.JPG,183625.0,2025-01-17,18:03
364,,Impressão da OS 004160_001.JPG,209523.0,2025-01-28,08:57
365,,Impressão da OS 004161_001.JPG,199477.0,2025-01-27,17:29
366,,Impressão da OS 004162_001.JPG,244344.0,2025-01-27,17:34
367,,Impressão da OS 004169_001.JPG,236498.0,2025-01-29,11:38
368,,Impressão da OS 004171_001.JPG,166843.0,2025-01-28,14:19
369,,Impressão da OS 004172_001.JPG,193275.0,2025-01-27,17:37
370,,Impressão da OS 004173_001.JPG,164448.0,2025-01-28,17:57
371,,Impressão da OS 004178_001.JPG,272867.0,2025-02-05,17:14
372,,Impressão da OS 004179_001.JPG,260424.0,2025-01-28,10:30
373,,Impressão da OS 004189_001.JPG,153597.0,2025-01-28,08:30
374,,Impressão da OS 004190_001.JPG,153918.0,2025-01-28,08:26
375,,Impressão da OS 004191_001.JPG,222256.0,2025-01-28,14:52
376,,Impressão da OS 004192_001.JPG,227286.0,2025-01-28,09:12
377,,Impressão da OS 004193_001.JPG,169998.0,2025-01-28,08:37
378,,Impressão da OS 004194_001.JPG,166899.0,2025-01-28,14:02
379,,Impressão da OS 004199_001.JPG,198440.0,2025-01-28,17:46
380,,Impressão da OS 004201_001.JPG,174053.0,2025-02-07,10:53
381,,Impressão da OS 004203_001.JPG,195736.0,2025-01-28,16:40
382,,Impressão da OS 004204_001.JPG,159735.0,2025-01-28,15:59
383,,Impressão da OS 004205_001.JPG,200106.0,2025-01-29,09:03
384,,Impressão da OS 004206_001.JPG,174033.0,2025-01-29,11:42
385,,Impressão da OS 004207_001.JPG,18249.0,2025-01-29,09:45
386,,Impressão da OS 004208_001.JPG,255396.0,2025-01-30,13:45
387,,Impressão da OS 004210_001.JPG,166578.0,2025-01-29,18:54
388,,Impressão da OS 004212_001.JPG,191173.0,2025-01-30,08:57
389,,Impressão da OS 004213_001.JPG,187070.0,2025-01-30,13:47
390,,Impressão da OS 004214_001.JPG,195500.0,2025-01-31,09:33
391,,Impressão da OS 004215_001.JPG,235700.0,2025-02-07,13:13
392,,Impressão da OS 004218_001.JPG,189281.0,2025-01-31,14:45
393,,Impressão da OS 004220_001.JPG,177266.0,2025-01-31,09:49
394,,Impressão da OS 004221_001.JPG,202786.0,2025-01-31,13:28
395,,Impressão da OS 004222_001.JPG,198995.0,2025-01-31,10:06
396,,Impressão da OS 004223_001.JPG,183302.0,2025-01-31,16:33
397,,Impressão da OS 004226_001.JPG,176902.0,2025-02-03,10:51
398,,Impressão da OS 004227_001.JPG,168317.0,2025-02-03,10:38
399,,Impressão da OS 004227_002.JPG,168317.0,2025-02-03,10:38
400,,Impressão da OS 004228_001.JPG,198594.0,2025-02-04,09:29
401,,Impressão da OS 004229_001.JPG,186511.0,2025-02-04,11:30
402,,Impressão da OS 004234_001.JPG,224048.0,2025-02-05,11:29
403,,Impressão da OS 004234_002.JPG,224048.0,2025-02-05,11:29
404,,Impressão da OS 004235_001.JPG,192253.0,2025-02-05,16:43
405,,Impressão da OS 004235_002.JPG,192253.0,2025-02-05,16:43
406,,Impressão da OS 004236_001.JPG,274465.0,2025-02-06,13:17
407,,Impressão da OS 004240_001.JPG,187602.0,2025-02-07,09:41
408,,Impressão da OS 004244_001.JPG,191187.0,2025-02-07,09:40
409,,Impressão da OS 004246_001.JPG,211362.0,2025-02-07,15:21
410,,Impressão da OS 004247_001.JPG,162352.0,2025-02-07,09:53
411,,Impressão da OS 004250_001.JPG,158747.0,2025-02-07,13:37
412,,Impressão da OS 004252_001.JPG,202857.0,2025-02-10,08:30
413,,Impressão da OS 004255_001.JPG,172032.0,2025-02-10,11:53
414,,Impressão da OS 004257_001.JPG,200756.0,2025-02-11,13:42
415,,Impressão da OS 004258_001.JPG,189914.0,2025-02-10,15:28
416,,Impressão da OS 004259_001.JPG,233284.0,2025-05-05,17:37
417,,Impressão da OS 004264_001.JPG,167304.0,2025-02-11,09:29
418,,Impressão da OS 004265_001.JPG,160617.0,2025-02-10,17:06
419,,Impressão da OS 004267_001.JPG,263636.0,2025-02-14,14:46
420,,Impressão da OS 004268_001.JPG,233464.0,2025-02-11,16:20
421,,Impressão da OS 004269_001.JPG,194414.0,2025-02-11,16:15
422,,Impressão da OS 004271_001.JPG,154578.0,2025-02-12,08:26
423,,Impressão da OS 004274_001.JPG,190432.0,2025-02-17,13:31
424,,Impressão da OS 004275_001.JPG,185329.0,2025-02-12,14:57
425,,Impressão da OS 004278_001.JPG,184957.0,2025-02-14,07:35
426,,Impressão da OS 004279_001.JPG,199165.0,2025-02-13,16:38
427,,Impressão da OS 004280_001.JPG,185625.0,2025-02-13,10:26
428,,Impressão da OS 004281_001.JPG,193075.0,2025-02-14,10:00
429,,Impressão da OS 004282_001.JPG,188802.0,2025-02-14,15:59
430,,Impressão da OS 004285_001.JPG,156622.0,2025-02-14,13:41
431,,Impressão da OS 004286_001.JPG,171082.0,2025-02-14,14:05
432,,Impressão da OS 004289_001.JPG,173091.0,2025-02-17,10:32
433,,Impressão da OS 004289_002.JPG,173091.0,2025-02-17,10:32
434,,Impressão da OS 004291_001.JPG,170457.0,2025-02-17,13:16
435,,Impressão da OS 004293_001.JPG,190664.0,2025-02-17,16:58
436,,Impressão da OS 004293_002.JPG,190664.0,2025-02-17,16:58
437,,Impressão da OS 004295_001.JPG,169813.0,2025-02-18,07:45
438,,Impressão da OS 004297_001.JPG,186040.0,2025-02-18,08:44
439,,Impressão da OS 004299_001.JPG,207569.0,2025-02-18,17:35
440,,Impressão da OS 004300_001.JPG,201963.0,2025-02-18,11:15
441,,Impressão da OS 004301_001.JPG,236622.0,2025-03-05,15:04
442,,Impressão da OS 004303_001.JPG,196137.0,2025-02-18,17:48
443,,Impressão da OS 004304_001.JPG,160864.0,2025-02-19,08:50
444,,Impressão da OS 004305_001.JPG,259838.0,2025-02-20,09:51
445,,Impressão da OS 004306_001.JPG,157538.0,2025-02-19,09:06
446,,Impressão da OS 004308_001.JPG,195201.0,2025-02-19,16:33
447,,Impressão da OS 004310_001.JPG,191101.0,2025-02-19,15:07
448,,Impressão da OS 004311_001.JPG,186404.0,2025-02-19,13:15
449,,Impressão da OS 004312_001.JPG,241580.0,2025-02-20,15:42
450,,Impressão da OS 004313_001.JPG,160447.0,2025-02-19,09:48
451,,Impressão da OS 004314_001.JPG,184412.0,2025-02-20,11:08
452,,Impressão da OS 004315_001.JPG,192751.0,2025-02-20,15:26
453,,Impressão da OS 004316_001.JPG,206329.0,2025-02-21,07:38
454,,Impressão da OS 004317_001.JPG,199632.0,2025-02-24,12:05
455,,Impressão da OS 004319_001.JPG,208347.0,2025-02-20,17:12
456,,Impressão da OS 004322_001.JPG,157122.0,2025-02-20,16:56
457,,Impressão da OS 004324_001.JPG,171488.0,2025-02-21,13:29
458,,Impressão da OS 004325_001.JPG,161426.0,2025-02-21,10:17
459,,Impressão da OS 004326_001.JPG,226044.0,2025-02-24,09:31
460,,Impressão da OS 004327_001.JPG,249770.0,2025-02-24,14:02
461,,Impressão da OS 004328_001.JPG,214950.0,2025-02-25,08:38
462,,Impressão da OS 004329_001.JPG,227485.0,2025-02-27,16:52
463,,Impressão da OS 004330_001.JPG,241592.0,2025-02-26,15:19
464,,Impressão da OS 004331_001.JPG,165621.0,2025-02-24,11:24
465,,Impressão da OS 004332_001.JPG,184039.0,2025-02-24,17:44
466,,Impressão da OS 004333_001.JPG,221722.0,2025-02-25,15:08
467,,Impressão da OS 004335_001.JPG,179998.0,2025-02-25,13:27
468,,Impressão da OS 004337_001.JPG,233750.0,2025-02-26,13:30
469,,Impressão da OS 004338_001.JPG,232987.0,2025-02-26,13:18
470,,Impressão da OS 004339_001.JPG,237713.0,2025-02-25,13:50
471,,Impressão da OS 004341_001.JPG,188252.0,2025-02-25,15:43
472,,Impressão da OS 004342_001.JPG,241233.0,2025-02-25,15:42
473,,Impressão da OS 004343_001.JPG,155178.0,2025-02-25,17:21
474,,Impressão da OS 004344_001.JPG,150409.0,2025-02-26,10:47
475,,Impressão da OS 004346_001.JPG,320980.0,2025-03-17,13:19
476,,Impressão da OS 004347_001.JPG,207667.0,2025-02-26,11:17
477,,Impressão da OS 004348_001.JPG,167988.0,2025-02-26,14:08
478,,Impressão da OS 004351_001.JPG,181666.0,2025-02-27,10:51
479,,Impressão da OS 004352_001.JPG,233128.0,2025-02-27,15:27
480,,Impressão da OS 004353_001.JPG,205202.0,2025-02-27,17:02
481,,Impressão da OS 004354_001.JPG,178830.0,2025-02-27,10:19
482,,Impressão da OS 004356_001.JPG,228579.0,2025-03-04,16:43
483,,Impressão da OS 004360_001.JPG,182021.0,2025-03-27,16:01
484,,Impressão da OS 004361_001.JPG,190603.0,2025-02-28,17:52
485,,Impressão da OS 004362_001.JPG,187285.0,2025-02-28,15:46
486,,Impressão da OS 004368_001.JPG,205025.0,2025-03-07,10:09
487,,Impressão da OS 004372_001.JPG,252175.0,2025-03-05,16:21
488,,Impressão da OS 004375_001.JPG,243867.0,2025-03-05,15:09
489,,Impressão da OS 004377_001.JPG,232168.0,2025-03-07,07:47
490,,Impressão da OS 004379_001.JPG,153174.0,2025-03-05,17:49
491,,Impressão da OS 004380_001.JPG,200157.0,2025-03-06,17:17
492,,Impressão da OS 004381_001.JPG,209387.0,2025-03-06,16:08
493,,Impressão da OS 004383_001.JPG,153314.0,2025-03-06,11:46
494,,Impressão da OS 004383_002.JPG,153314.0,2025-03-06,11:46
495,,Impressão da OS 004384_001.JPG,186879.0,2025-03-06,16:56
496,,Impressão da OS 004387_001.JPG,188591.0,2025-03-07,10:42
497,,Impressão da OS 004388_001.JPG,247282.0,2025-05-30,14:03
498,,Impressão da OS 004389_001.JPG,172612.0,2025-03-07,15:43
499,,Impressão da OS 004393_001.JPG,324323.0,2025-03-11,17:02
500,,Impressão da OS 004396_001.JPG,221834.0,2025-03-10,11:51
501,,Impressão da OS 004397_001.JPG,210105.0,2025-03-10,11:29
502,,Impressão da OS 004399_001.JPG,170984.0,2025-03-10,17:25
503,,Impressão da OS 004401_001.JPG,259762.0,2025-03-12,08:01
504,,Impressão da OS 004405_001.JPG,212291.0,2025-03-14,08:32
505,,Impressão da OS 004407_001.JPG,255764.0,2025-03-12,08:20
506,,Impressão da OS 004408_001.JPG,161405.0,2025-03-12,08:08
507,,Impressão da OS 004409_001.JPG,177061.0,2025-03-12,10:32
508,,Impressão da OS 004410_001.JPG,209415.0,2025-03-12,08:49
509,,Impressão da OS 004414_001.JPG,184442.0,2025-03-13,08:34
510,,Impressão da OS 004415_001.JPG,202854.0,2025-03-13,15:16
511,,Impressão da OS 004418_001.JPG,198246.0,2025-03-13,15:50
512,,Impressão da OS 004419_001.JPG,212563.0,2025-03-14,09:01
513,,Impressão da OS 004424_001.JPG,168279.0,2025-03-14,15:12
514,,Impressão da OS 004429_001.JPG,246545.0,2025-03-17,08:32
515,,Impressão da OS 004430_001.JPG,207943.0,2025-03-17,13:57
516,,Impressão da OS 004432_001.JPG,172151.0,2025-03-18,10:58
517,,Impressão da OS 004433_001.JPG,198045.0,2025-03-18,16:24
518,,Impressão da OS 004434_001.JPG,173728.0,2025-03-17,16:39
519,,Impressão da OS 004436_001.JPG,201086.0,2025-03-18,10:36
520,,Impressão da OS 004438_001.JPG,224228.0,2025-03-19,14:51
521,,Impressão da OS 004440_001.JPG,153799.0,2025-03-18,13:25
522,,Impressão da OS 004441_001.JPG,195727.0,2025-03-25,14:05
523,,Impressão da OS 004444_001.JPG,189534.0,2025-03-19,10:42
524,,Impressão da OS 004445_001.JPG,179977.0,2025-03-20,08:11
525,,Impressão da OS 004447_001.JPG,199420.0,2025-03-19,13:43
526,,Impressão da OS 004449_001.JPG,200158.0,2025-03-19,13:53
527,,Impressão da OS 004452_001.JPG,291865.0,2025-03-24,08:11
528,,Impressão da OS 004455_001.JPG,204713.0,2025-03-20,08:36
529,,Impressão da OS 004456_001.JPG,201046.0,2025-03-21,11:12
530,,Impressão da OS 004458_001.JPG,196096.0,2025-03-20,10:27
531,,Impressão da OS 004459_001.JPG,164915.0,2025-03-20,16:57
532,,Impressão da OS 004460_001.JPG,159423.0,2025-03-20,09:34
533,,Impressão da OS 004460_002.JPG,159423.0,2025-03-20,09:34
534,,Impressão da OS 004462_001.JPG,183375.0,2025-03-20,13:50
535,,Impressão da OS 004462_002.JPG,183375.0,2025-03-20,13:50
536,,Impressão da OS 004463_001.JPG,158624.0,2025-03-20,16:59
537,,Impressão da OS 004463_002.JPG,158624.0,2025-03-20,16:59
538,,Impressão da OS 004464_001.JPG,209314.0,2025-05-29,09:47
539,,Impressão da OS 004469_001.JPG,191414.0,2025-03-25,15:35
540,,Impressão da OS 004470_001.JPG,156181.0,2025-03-24,16:55
541,,Impressão da OS 004472_001.JPG,198704.0,2025-03-25,14:32
542,,Impressão da OS 004473_001.JPG,170107.0,2025-03-25,13:15
543,,Impressão da OS 004478_001.JPG,197207.0,2025-03-27,15:55
544,,Impressão da OS 004479_001.JPG,241429.0,2025-04-03,08:30
545,,Impressão da OS 004483_001.JPG,251663.0,2025-04-03,08:51
546,,Impressão da OS 004485_001.JPG,21214.0,2025-03-27,09:40
547,,Impressão da OS 004486_001.JPG,192773.0,2025-03-27,14:32
548,,Impressão da OS 004487_001.JPG,182256.0,2025-03-28,13:17
549,,Impressão da OS 004488_001.JPG,204726.0,2025-04-04,10:32
550,,Impressão da OS 004489_001.JPG,173983.0,2025-03-28,16:28
551,,Impressão da OS 004490_001.JPG,199591.0,2025-04-01,09:53
552,,Impressão da OS 004492_001.JPG,213677.0,2025-04-09,14:46
553,,Impressão da OS 004493_001.JPG,177038.0,2025-03-31,15:35
554,,Impressão da OS 004495_001.JPG,155759.0,2025-04-01,17:28
555,,Impressão da OS 004496_001.JPG,203764.0,2025-04-07,16:29
556,,Impressão da OS 004498_001.JPG,174331.0,2025-04-01,17:24
557,,Impressão da OS 004499_001.JPG,183672.0,2025-04-01,17:44
558,,Impressão da OS 004500_001.JPG,156405.0,2025-04-03,08:01
559,,Impressão da OS 004501_001.JPG,201883.0,2025-04-04,13:14
560,,Impressão da OS 004502_001.JPG,209439.0,2025-04-03,09:40
561,,Impressão da OS 004505_001.JPG,169802.0,2025-04-02,14:01
562,,Impressão da OS 004509_001.JPG,187257.0,2025-04-03,13:45
563,,Impressão da OS 004510_001.JPG,218793.0,2025-04-11,08:11
564,,Impressão da OS 004511_001.JPG,176140.0,2025-04-04,10:19
565,,Impressão da OS 004514_001.JPG,225796.0,2025-04-04,11:12
566,,Impressão da OS 004515_001.JPG,208649.0,2025-04-03,17:08
567,,Impressão da OS 004519_001.JPG,174378.0,2025-04-04,11:46
568,,Impressão da OS 004527_001.JPG,186020.0,2025-04-07,10:39
569,,Impressão da OS 004529_001.JPG,174305.0,2025-04-09,13:55
570,,Impressão da OS 004532_001.JPG,153547.0,2025-04-08,09:48
571,,Impressão da OS 004533_001.JPG,267548.0,2025-04-24,17:52
572,,Impressão da OS 004536_001.JPG,186024.0,2025-04-08,14:10
573,,Impressão da OS 004540_001.JPG,195148.0,2025-04-10,11:59
574,,Impressão da OS 004541_001.JPG,188571.0,2025-04-10,11:13
575,,Impressão da OS 004542_001.JPG,386889.0,2025-05-30,14:56
576,,Impressão da OS 004542_002.JPG,154055.0,2025-05-30,14:56
577,,Impressão da OS 004543_001.JPG,200573.0,2025-04-09,11:07
578,,Impressão da OS 004544_001.JPG,198492.0,2025-04-10,10:20
579,,Impressão da OS 004545_001.JPG,188773.0,2025-04-10,14:53
580,,Impressão da OS 004551_001.JPG,248772.0,2025-04-14,08:25
581,,Impressão da OS 004552_001.JPG,216102.0,2025-04-14,08:36
582,,Impressão da OS 004553_001.JPG,186879.0,2025-04-11,15:20
583,,Impressão da OS 004554_001.JPG,196541.0,2025-04-11,14:10
584,,Impressão da OS 004556_001.JPG,193148.0,2025-04-16,09:59
585,,Impressão da OS 004558_001.JPG,17542.0,2025-04-14,10:49
586,,Impressão da OS 004559_001.JPG,176091.0,2025-04-14,14:53
587,,Impressão da OS 004561_001.JPG,192101.0,2025-04-14,10:06
588,,Impressão da OS 004563_001.JPG,200681.0,2025-04-14,10:48
589,,Impressão da OS 004564_001.JPG,366664.0,2025-04-14,14:18
590,,Impressão da OS 004566_001.JPG,14119.0,2025-04-15,11:13
591,,Impressão da OS 004567_001.JPG,205731.0,2025-04-15,16:19
592,,Impressão da OS 004568_001.JPG,207390.0,2025-04-16,10:16
593,,Impressão da OS 004569_001.JPG,251425.0,2025-04-22,15:43
594,,Impressão da OS 004570_001.JPG,158486.0,2025-04-16,15:13
595,,Impressão da OS 004572_001.JPG,276482.0,2025-05-06,15:20
596,,Impressão da OS 004575_001.JPG,191057.0,2025-04-22,15:58
597,,Impressão da OS 004576_001.JPG,189652.0,2025-04-22,14:25
598,,Impressão da OS 004577_001.JPG,200698.0,2025-04-24,13:45
599,,Impressão da OS 004578_001.JPG,253862.0,2025-04-30,16:16
600,,Impressão da OS 004582_001.JPG,201841.0,2025-04-23,09:01
601,,Impressão da OS 004583_001.JPG,159983.0,2025-04-23,17:54
602,,Impressão da OS 004586_001.JPG,191592.0,2025-04-24,14:32
603,,Impressão da OS 004589_001.JPG,17568.0,2025-04-28,16:00
604,,Impressão da OS 004590_001.JPG,13909.0,2025-04-24,15:32
605,,Impressão da OS 004591_001.JPG,294266.0,2025-05-08,13:16
606,,Impressão da OS 004592_001.JPG,200127.0,2025-04-25,11:29
607,,Impressão da OS 004593_001.JPG,216408.0,2025-04-29,14:57
608,,Impressão da OS 004594_001.JPG,173620.0,2025-04-28,09:54
609,,Impressão da OS 004605_001.JPG,201122.0,2025-04-30,11:28
610,,Impressão da OS 004608_001.JPG,181819.0,2025-04-30,15:42
611,,Impressão da OS 004609_001.JPG,188945.0,2025-05-02,13:41
612,,Impressão da OS 004610_001.JPG,169006.0,2025-05-02,10:47
613,,Impressão da OS 004614_001.JPG,177224.0,2025-05-05,13:23
614,,Impressão da OS 004615_001.JPG,252983.0,2025-05-06,10:37
615,,Impressão da OS 004616_001.JPG,187199.0,2025-05-05,13:13
616,,Impressão da OS 004619_001.JPG,196855.0,2025-05-05,17:15
617,,Impressão da OS 004620_001.JPG,198713.0,2025-05-15,14:57
618,,Impressão da OS 004625_001.JPG,224540.0,2025-05-06,17:16
619,,Impressão da OS 004626_001.JPG,169331.0,2025-05-06,13:08
620,,Impressão da OS 004628_001.JPG,270551.0,2025-05-09,09:17
621,,Impressão da OS 004631_001.JPG,211806.0,2025-05-19,16:43
622,,Impressão da OS 004633_001.JPG,168504.0,2025-05-09,14:17
623,,Impressão da OS 004633_002.JPG,168504.0,2025-05-09,14:17
624,,Impressão da OS 004636_001.JPG,245487.0,2025-05-08,10:21
625,,Impressão da OS 004637_001.JPG,160800.0,2025-05-08,13:15
626,,Impressão da OS 004638_001.JPG,171253.0,2025-05-09,14:33
627,,Impressão da OS 004641_001.JPG,192293.0,2025-05-09,10:55
628,,Impressão da OS 004643_001.JPG,222405.0,2025-05-12,16:02
629,,Impressão da OS 004644_001.JPG,189449.0,2025-05-09,16:52
630,,Impressão da OS 004646_001.JPG,227874.0,2025-05-13,13:15
631,,Impressão da OS 004648_001.JPG,183263.0,2025-05-12,10:42
632,,Impressão da OS 004649_001.JPG,288123.0,2025-05-14,16:32
633,,Impressão da OS 004650_001.JPG,191760.0,2025-05-12,11:02
634,,Impressão da OS 004651_001.JPG,15706.0,2025-05-12,13:52
635,,Impressão da OS 004653_001.JPG,297055.0,2025-05-21,13:34
636,,Impressão da OS 004656_001.JPG,188090.0,2025-05-14,08:41
637,,Impressão da OS 004657_001.JPG,186601.0,2025-05-14,09:04
638,,Impressão da OS 004659_001.JPG,188913.0,2025-05-14,09:59
639,,Impressão da OS 004660_001.JPG,167059.0,2025-05-14,09:51
640,,Impressão da OS 004663_001.JPG,181040.0,2025-05-14,16:03
641,,Impressão da OS 004664_001.JPG,155926.0,2025-05-14,14:58
642,,Impressão da OS 004665_001.JPG,160729.0,2025-05-15,08:46
643,,Impressão da OS 004668_001.JPG,208831.0,2025-05-15,14:32
644,,Impressão da OS 004670_001.JPG,14759.0,2025-05-16,14:10
645,,Impressão da OS 004671_001.JPG,242390.0,2025-08-11,10:48
646,,Impressão da OS 004673_001.JPG,180017.0,2025-05-16,16:45
647,,Impressão da OS 004677_001.JPG,192191.0,2025-05-19,10:57
648,,Impressão da OS 004679_001.JPG,180415.0,2025-05-19,11:35
649,,Impressão da OS 004682_001.JPG,205256.0,2025-05-19,17:31
650,,Impressão da OS 004684_001.JPG,153813.0,2025-05-19,17:43
651,,Impressão da OS 004686_001.JPG,199579.0,2025-05-20,10:20
652,,Impressão da OS 004689_001.JPG,183026.0,2025-05-20,14:09
653,,Impressão da OS 004690_001.JPG,204682.0,2025-05-21,17:49
654,,Impressão da OS 004694_001.JPG,168010.0,2025-05-23,08:18
655,,Impressão da OS 004701_001.JPG,154173.0,2025-05-22,14:30
656,,Impressão da OS 004704_001.JPG,158358.0,2025-05-23,15:44
657,,Impressão da OS 004705_001.JPG,179889.0,2025-05-23,08:36
658,,Impressão da OS 004712_001.JPG,227695.0,2025-05-26,11:13
659,,Impressão da OS 004713_001.JPG,192326.0,2025-05-26,16:43
660,,Impressão da OS 004716_001.JPG,171397.0,2025-05-26,15:54
661,,Impressão da OS 004717_001.JPG,270525.0,2025-05-27,10:06
662,,Impressão da OS 004721_001.JPG,225693.0,2025-05-27,17:04
663,,Impressão da OS 004722_001.JPG,230989.0,2025-05-27,15:19
664,,Impressão da OS 004725_001.JPG,216242.0,2025-05-29,09:31
665,,Impressão da OS 004726_001.JPG,201734.0,2025-05-28,11:21
666,,Impressão da OS 004728_001.JPG,203825.0,2025-05-30,08:22
667,,Impressão da OS 004729_001.JPG,195740.0,2025-05-29,16:17
668,,Impressão da OS 004730_001.JPG,243788.0,2025-05-30,14:28
669,,Impressão da OS 004731_001.JPG,160222.0,2025-05-29,09:36
670,,Impressão da OS 004733_001.JPG,151027.0,2025-05-30,11:53
671,,Impressão da OS 004739_001.JPG,231284.0,2025-06-05,08:08
672,,Impressão da OS 004741_001.JPG,178623.0,2025-06-02,09:06
673,,Impressão da OS 004742_001.JPG,199995.0,2025-06-02,16:23
674,,Impressão da OS 004743_001.JPG,177655.0,2025-06-02,10:18
675,,Impressão da OS 004746_001.JPG,227048.0,2025-06-02,16:46
676,,Impressão da OS 004748_001.JPG,194358.0,2025-06-03,16:15
677,,Impressão da OS 004749_001.JPG,159365.0,2025-06-03,14:04
678,,Impressão da OS 004750_001.JPG,208565.0,2025-06-04,15:35
679,,Impressão da OS 004752_001.JPG,200232.0,2025-06-03,16:19
680,,Impressão da OS 004753_001.JPG,183926.0,2025-06-03,17:15
681,,Impressão da OS 004754_001.JPG,234258.0,2025-06-05,15:21
682,,Impressão da OS 004755_001.JPG,190964.0,2025-06-04,16:20
683,,Impressão da OS 004756_001.JPG,232869.0,2025-06-04,13:31
684,,Impressão da OS 004757_001.JPG,206170.0,2025-06-05,15:18
685,,Impressão da OS 004763_001.JPG,179575.0,2025-06-06,15:02
686,,Impressão da OS 004764_001.JPG,185568.0,2025-06-06,15:01
687,,Impressão da OS 004765_001.JPG,158734.0,2025-06-06,17:54
688,,Impressão da OS 004768_001.JPG,189856.0,2025-06-09,16:57
689,,Impressão da OS 004769_001.JPG,185472.0,2025-06-09,14:33
690,,Impressão da OS 004770_001.JPG,168305.0,2025-06-09,16:15
691,,Impressão da OS 004777_001.JPG,167426.0,2025-06-11,15:51
692,,Impressão da OS 004778_001.JPG,168688.0,2025-06-11,09:04
693,,Impressão da OS 004779_001.JPG,208367.0,2025-06-11,16:35
694,,Impressão da OS 004780_001.JPG,155231.0,2025-06-12,07:46
695,,Impressão da OS 004782_001.JPG,173571.0,2025-06-12,09:16
696,,Impressão da OS 004784_001.JPG,196583.0,2025-06-16,13:30
697,,Impressão da OS 004785_001.JPG,183026.0,2025-06-13,09:05
698,,Impressão da OS 004789_001.JPG,16150.0,2025-06-13,09:19
699,,Impressão da OS 004791_001.JPG,151649.0,2025-06-13,10:43
700,,Impressão da OS 004792_001.JPG,169456.0,2025-06-16,08:03
701,,Impressão da OS 004794_001.JPG,180082.0,2025-06-13,13:52
702,,Impressão da OS 004796_001.JPG,174345.0,2025-06-16,08:05
703,,Impressão da OS 004800_001.JPG,213971.0,2025-06-13,16:34
704,,Impressão da OS 004801_001.JPG,178731.0,2025-06-16,09:47
705,,Impressão da OS 004802_001.JPG,206759.0,2025-06-16,17:20
706,,Impressão da OS 004803_001.JPG,183034.0,2025-06-16,13:22
707,,Impressão da OS 004804_001.JPG,252667.0,2025-06-18,16:42
708,,Impressão da OS 004805_001.JPG,244977.0,2025-06-24,07:46
709,,Impressão da OS 004806_001.JPG,194386.0,2025-06-24,08:01
710,,Impressão da OS 004808_001.JPG,338940.0,2025-06-23,16:20
711,,Impressão da OS 004809_001.JPG,187050.0,2025-06-17,11:32
712,,Impressão da OS 004810_001.JPG,192016.0,2025-06-17,17:05
713,,Impressão da OS 004815_001.JPG,188835.0,2025-06-17,16:40
714,,Impressão da OS 004817_001.JPG,188539.0,2025-06-18,15:02
715,,Impressão da OS 004818_001.JPG,185151.0,2025-06-18,16:26
716,,Impressão da OS 004831_001.JPG,16111.0,2025-06-23,10:24
717,,Impressão da OS 004835_001.JPG,179537.0,2025-06-24,07:54
718,,Impressão da OS 004839_001.JPG,292404.0,2025-06-26,16:20
719,,Impressão da OS 004844_001.JPG,214633.0,2025-06-26,07:58
720,,Impressão da OS 004845_001.JPG,188109.0,2025-06-27,13:57
721,,Impressão da OS 004846_001.JPG,187883.0,2025-06-25,10:02
722,,Impressão da OS 004847_001.JPG,186946.0,2025-06-25,15:28
723,,Impressão da OS 004849_001.JPG,197277.0,2025-06-25,13:46
724,,Impressão da OS 004850_001.JPG,200361.0,2025-06-26,08:34
725,,Impressão da OS 004851_001.JPG,157869.0,2025-06-26,15:22
726,,Impressão da OS 004852_001.JPG,174218.0,2025-06-26,15:04
727,,Impressão da OS 004853_001.JPG,195844.0,2025-06-27,16:22
728,,Impressão da OS 004855_001.JPG,154946.0,2025-06-27,11:25
729,,Impressão da OS 004862_001.JPG,177056.0,2025-07-01,10:02
730,,Impressão da OS 004865_001.JPG,191675.0,2025-06-30,15:09
731,,Impressão da OS 004868_001.JPG,256281.0,2025-07-03,14:12
732,,Impressão da OS 004869_001.JPG,196667.0,2025-07-01,13:31
733,,Impressão da OS 004874_001.JPG,239819.0,2025-07-02,08:55
734,,Impressão da OS 004875_001.JPG,190260.0,2025-07-02,11:26
735,,Impressão da OS 004877_001.JPG,179044.0,2025-07-02,11:57
736,,Impressão da OS 004879_001.JPG,223434.0,2025-07-03,08:14
737,,Impressão da OS 004882_001.JPG,204155.0,2025-07-04,09:14
738,,Impressão da OS 004884_001.JPG,262760.0,2025-07-29,08:10
739,,Impressão da OS 004887_001.JPG,171636.0,2025-07-03,16:12
740,,Impressão da OS 004890_001.JPG,208653.0,2025-07-04,17:19
741,,Impressão da OS 004891_001.JPG,201457.0,2025-07-04,13:40
742,,Impressão da OS 004894_001.JPG,161873.0,2025-07-04,15:46
743,,Impressão da OS 004895_001.JPG,145513.0,2025-07-30,14:10
744,,Impressão da OS 004897_001.JPG,249446.0,2025-07-07,09:42
745,,Impressão da OS 004898_001.JPG,218399.0,2025-07-07,16:47
746,,Impressão da OS 004899_001.JPG,202682.0,2025-07-07,13:40
747,,Impressão da OS 004901_001.JPG,247685.0,2025-07-09,09:23
748,,Impressão da OS 004903_001.JPG,160887.0,2025-07-07,11:59
749,,Impressão da OS 004905_001.JPG,265624.0,2025-07-08,13:57
750,,Impressão da OS 004906_001.JPG,183182.0,2025-07-10,16:46
751,,Impressão da OS 004909_001.JPG,243786.0,2025-07-10,11:28
752,,Impressão da OS 004910_001.JPG,173759.0,2025-07-10,08:13
753,,Impressão da OS 004911_001.JPG,188831.0,2025-07-08,11:14
754,,Impressão da OS 004913_001.JPG,257813.0,2025-07-15,16:28
755,,Impressão da OS 004913_002.JPG,257813.0,2025-07-15,16:27
756,,Impressão da OS 004916_001.JPG,213995.0,2025-07-10,10:46
757,,Impressão da OS 004919_001.JPG,164388.0,2025-07-15,17:16
758,,Impressão da OS 004920_001.JPG,202460.0,2025-07-10,08:33
759,,Impressão da OS 004922_001.JPG,231948.0,2025-07-29,08:13
760,,Impressão da OS 004924_001.JPG,169572.0,2025-07-10,11:20
761,,Impressão da OS 004925_001.JPG,174751.0,2025-07-10,15:15
762,,Impressão da OS 004926_001.JPG,178814.0,2025-07-11,11:38
763,,Impressão da OS 004927_001.JPG,160251.0,2025-07-10,16:41
764,,Impressão da OS 004928_001.JPG,193880.0,2025-07-11,08:40
765,,Impressão da OS 004935_001.JPG,180446.0,2025-07-14,17:31
766,,Impressão da OS 004936_001.JPG,178194.0,2025-07-14,16:22
767,,Impressão da OS 004937_001.JPG,242659.0,2025-07-18,13:14
768,,Impressão da OS 004938_001.JPG,15285.0,2025-07-15,14:02
769,,Impressão da OS 004939_001.JPG,212931.0,2025-07-18,10:48
770,,Impressão da OS 004942_001.JPG,233274.0,2025-07-16,11:31
771,,Impressão da OS 004943_001.JPG,162679.0,2025-07-15,15:20
772,,Impressão da OS 004944_001.JPG,225815.0,2025-07-18,08:21
773,,Impressão da OS 004946_001.JPG,151321.0,2025-07-16,15:50
774,,Impressão da OS 004948_001.JPG,192620.0,2025-07-16,17:35
775,,Impressão da OS 004952_001.JPG,182736.0,2025-07-18,16:41
776,,Impressão da OS 004953_001.JPG,201157.0,2025-07-18,16:19
777,,Impressão da OS 004956_001.JPG,178627.0,2025-07-18,17:54
778,,Impressão da OS 004957_001.JPG,186420.0,2025-07-21,12:01
779,,Impressão da OS 004958_001.JPG,159054.0,2025-07-21,16:01
780,,Impressão da OS 004960_001.JPG,191755.0,2025-07-21,16:32
781,,Impressão da OS 004961_001.JPG,235218.0,2025-07-23,17:16
782,,Impressão da OS 004962_001.JPG,183829.0,2025-07-21,14:21
783,,Impressão da OS 004963_001.JPG,184526.0,2025-07-22,11:18
784,,Impressão da OS 004966_001.JPG,161442.0,2025-07-22,11:33
785,,Impressão da OS 004967_001.JPG,194578.0,2025-07-22,14:57
786,,Impressão da OS 004970_001.JPG,235961.0,2025-07-23,16:44
787,,Impressão da OS 004973_001.JPG,154743.0,2025-07-28,11:59
788,,Impressão da OS 004974_001.JPG,160788.0,2025-07-23,16:40
789,,Impressão da OS 004975_001.JPG,230715.0,2025-07-28,16:56
790,,Impressão da OS 004976_001.JPG,202298.0,2025-07-29,09:03
791,,Impressão da OS 004977_001.JPG,169820.0,2025-07-24,09:19
792,,Impressão da OS 004978_001.JPG,174446.0,2025-07-24,11:12
793,,Impressão da OS 004982_001.JPG,197955.0,2025-08-05,11:41
794,,Impressão da OS 004985_001.JPG,14871.0,2025-07-28,14:04
795,,Impressão da OS 004986_001.JPG,200720.0,2025-07-25,11:30
796,,Impressão da OS 004989_001.JPG,212780.0,2025-07-29,09:17
797,,Impressão da OS 004991_001.JPG,184197.0,2025-07-29,10:40
798,,Impressão da OS 004992_001.JPG,149979.0,2025-07-31,09:59
799,,Impressão da OS 004997_001.JPG,183675.0,2025-07-29,16:45
800,,Impressão da OS 004998_001.JPG,192966.0,2025-07-29,13:38
801,,Impressão da OS 004999_001.JPG,183460.0,2025-07-29,14:27
802,,Impressão da OS 005000_001.JPG,193485.0,2025-07-30,11:14
803,,Impressão da OS 005001_001.JPG,227160.0,2025-07-30,17:38
804,,Impressão da OS 005002_001.JPG,194189.0,2025-07-31,08:17
805,,Impressão da OS 005003_001.JPG,171383.0,2025-07-30,17:23
806,,Impressão da OS 005004_001.JPG,298400.0,2025-08-04,13:55
807,,Impressão da OS 005007_001.JPG,164176.0,2025-07-31,08:08
808,,Impressão da OS 005010_001.JPG,156145.0,2025-07-31,10:57
809,,Impressão da OS 005016_001.JPG,246121.0,2025-08-08,15:30
810,,Impressão da OS 005017_001.JPG,23418.0,2025-08-08,17:29
811,,Impressão da OS 005018_001.JPG,186284.0,2025-08-06,14:49
812,,Impressão da OS 005024_001.JPG,192293.0,2025-08-04,10:25
813,,Impressão da OS 005029_001.JPG,140372.0,2025-08-04,15:36
814,,Impressão da OS 005031_001.JPG,195372.0,2025-08-06,13:20
815,,Impressão da OS 005033_001.JPG,201748.0,2025-08-05,15:53
816,,Impressão da OS 005035_001.JPG,153955.0,2025-08-05,15:19
817,,Impressão da OS 005037_001.JPG,182098.0,2025-08-06,09:46
818,,Impressão da OS 005038_001.JPG,175536.0,2025-08-06,16:52
819,,Impressão da OS 005039_001.JPG,221760.0,2025-08-08,08:41
820,,Impressão da OS 005040_001.JPG,270506.0,2025-08-06,16:50
821,,Impressão da OS 005041_001.JPG,153328.0,2025-08-08,09:56
822,,Impressão da OS 005043_001.JPG,201968.0,2025-08-08,08:45
823,,Impressão da OS 005044_001.JPG,274058.0,2025-08-08,12:40
824,,Impressão da OS 005045_001.JPG,199822.0,2025-08-08,07:58
825,,Impressão da OS 005047_001.JPG,173249.0,2025-08-08,11:57
826,,Impressão da OS 005048_001.JPG,156716.0,2025-08-08,11:14
827,,Impressão da OS 005049_001.JPG,162882.0,2025-08-08,16:59
828,,Impressão da OS 005051_001.JPG,180358.0,2025-08-08,17:33
829,,Impressão da OS 005056_001.JPG,239895.0,2025-08-12,15:35
830,,Impressão da OS 005056_002.JPG,239895.0,2025-08-12,15:35
831,,Impressão da OS 005065_001.JPG,328507.0,2025-08-29,10:23
832,,Impressão da OS 005066_001.JPG,194274.0,2025-08-12,11:25
833,,Impressão da OS 005067_001.JPG,208977.0,2025-08-15,07:55
834,,Impressão da OS 005071_001.JPG,196767.0,2025-08-13,09:10
835,,Impressão da OS 005072_001.JPG,184517.0,2025-08-13,17:14
836,,Impressão da OS 005073_001.JPG,163460.0,2025-08-13,13:46
837,,Impressão da OS 005075_001.JPG,192292.0,2025-08-13,14:37
838,,Impressão da OS 005076_001.JPG,222632.0,2025-08-29,08:27
839,,Impressão da OS 005077_001.JPG,286373.0,2025-09-09,17:01
840,,Impressão da OS 005079_001.JPG,182250.0,2025-08-13,17:51
841,,Impressão da OS 005082_001.JPG,209999.0,2025-08-15,17:43
842,,Impressão da OS 005083_001.JPG,225726.0,2025-08-15,08:15
843,,Impressão da OS 005087_001.JPG,156770.0,2025-08-15,11:23
844,,Impressão da OS 005088_001.JPG,158687.0,2025-08-15,14:27
845,,Impressão da OS 005090_001.JPG,229204.0,2025-11-17,13:56
846,,Impressão da OS 005092_001.JPG,221259.0,2025-08-18,16:15
847,,Impressão da OS 005093_001.JPG,202990.0,2025-08-18,14:17
848,,Impressão da OS 005094_001.JPG,153770.0,2025-08-18,17:01
849,,Impressão da OS 005095_001.JPG,206626.0,2025-08-20,14:07
850,,Impressão da OS 005098_001.JPG,173409.0,2025-08-19,14:59
851,,Impressão da OS 005099_001.JPG,203199.0,2025-08-19,17:54
852,,Impressão da OS 005107_001.JPG,210865.0,2025-08-20,17:01
853,,Impressão da OS 005108_001.JPG,236806.0,2025-08-22,10:42
854,,Impressão da OS 005109_001.JPG,151798.0,2025-08-20,16:19
855,,Impressão da OS 005110_001.JPG,238973.0,2025-08-21,17:39
856,,Impressão da OS 005113_001.JPG,176294.0,2025-08-22,16:25
857,,Impressão da OS 005115_001.JPG,200933.0,2025-08-25,16:39
858,,Impressão da OS 005117_001.JPG,159687.0,2025-08-22,16:35
859,,Impressão da OS 005120_001.JPG,290884.0,2025-09-08,17:37
860,,Impressão da OS 005121_001.JPG,156248.0,2025-08-26,09:17
861,,Impressão da OS 005122_001.JPG,226159.0,2025-08-29,09:00
862,,Impressão da OS 005126_001.JPG,220229.0,2025-08-26,16:48
863,,Impressão da OS 005131_001.JPG,201356.0,2025-08-27,10:53
864,,Impressão da OS 005132_001.JPG,201658.0,2025-08-27,13:14
865,,Impressão da OS 005134_001.JPG,158874.0,2025-08-27,16:30
866,,Impressão da OS 005136_001.JPG,191459.0,2025-08-27,15:09
867,,Impressão da OS 005137_001.JPG,228224.0,2025-08-28,16:38
868,,Impressão da OS 005139_001.JPG,161144.0,2025-08-28,10:26
869,,Impressão da OS 005140_001.JPG,156472.0,2025-08-29,08:22
870,,Impressão da OS 005141_001.JPG,186878.0,2025-08-29,13:57
871,,Impressão da OS 005144_001.JPG,246257.0,2025-09-01,13:36
872,,Impressão da OS 005145_001.JPG,159831.0,2025-08-29,11:30
873,,Impressão da OS 005150_001.JPG,257573.0,2025-09-02,11:23
874,,Impressão da OS 005151_001.JPG,290246.0,2025-09-08,15:39
875,,Impressão da OS 005152_001.JPG,206274.0,2025-09-02,10:31
876,,Impressão da OS 005154_001.JPG,210762.0,2025-09-03,17:32
877,,Impressão da OS 005156_001.JPG,213680.0,2025-09-03,09:32
878,,Impressão da OS 005157_001.JPG,237361.0,2025-09-02,13:26
879,,Impressão da OS 005159_001.JPG,169636.0,2025-09-02,14:34
880,,Impressão da OS 005164_001.JPG,175768.0,2025-09-03,10:47
881,,Impressão da OS 005165_001.JPG,175366.0,2025-09-03,16:43
882,,Impressão da OS 005168_001.JPG,171953.0,2025-09-04,09:13
883,,Impressão da OS 005170_001.JPG,146269.0,2025-09-04,14:31
884,,Impressão da OS 005173_001.JPG,187921.0,2025-09-04,17:44
885,,Impressão da OS 005174_001.JPG,163079.0,2025-09-04,15:54
886,,Impressão da OS 005175_001.JPG,184057.0,2025-09-05,14:24
887,,Impressão da OS 005176_001.JPG,200083.0,2025-09-05,15:31
888,,Impressão da OS 005178_001.JPG,184490.0,2025-09-05,10:26
889,,Impressão da OS 005186_001.JPG,185984.0,2025-09-08,10:59
890,,Impressão da OS 005187_001.JPG,157026.0,2025-09-08,09:37
891,,Impressão da OS 005188_001.JPG,194003.0,2025-09-08,10:31
892,,Impressão da OS 005189_001.JPG,204040.0,2025-09-09,08:49
893,,Impressão da OS 005190_001.JPG,187414.0,2025-09-08,11:08
894,,Impressão da OS 005192_001.JPG,194174.0,2025-09-09,10:39
895,,Impressão da OS 005193_001.JPG,143325.0,2025-09-08,15:56
896,,Impressão da OS 005196_001.JPG,261634.0,2025-09-11,17:27
897,,Impressão da OS 005197_001.JPG,195035.0,2025-09-09,09:21
898,,Impressão da OS 005200_001.JPG,157567.0,2025-09-09,13:13
899,,Impressão da OS 005201_001.JPG,169518.0,2025-09-09,14:38
900,,Impressão da OS 005202_001.JPG,197243.0,2025-09-15,07:56
901,,Impressão da OS 005203_001.JPG,164657.0,2025-09-09,17:46
902,,Impressão da OS 005207_001.JPG,178701.0,2025-09-11,15:48
903,,Impressão da OS 005210_001.JPG,200993.0,2025-09-12,07:43
904,,Impressão da OS 005211_001.JPG,245828.0,2025-09-12,10:33
905,,Impressão da OS 005215_001.JPG,191843.0,2025-10-06,10:16
906,,Impressão da OS 005216_001.JPG,254258.0,2025-09-15,11:39
907,,Impressão da OS 005217_001.JPG,161208.0,2025-09-15,13:21
908,,Impressão da OS 005218_001.JPG,185322.0,2025-09-15,10:30
909,,Impressão da OS 005219_001.JPG,202641.0,2025-09-16,11:33
910,,Impressão da OS 005222_001.JPG,174505.0,2025-09-16,11:35
911,,Impressão da OS 005225_001.JPG,183664.0,2025-09-17,15:22
912,,Impressão da OS 005226_001.JPG,208646.0,2025-09-17,10:08
913,,Impressão da OS 005227_001.JPG,168182.0,2025-09-18,17:06
914,,Impressão da OS 005228_001.JPG,208096.0,2025-09-17,07:57
915,,Impressão da OS 005229_001.JPG,179029.0,2025-09-17,10:07
916,,Impressão da OS 005230_001.JPG,188402.0,2025-09-17,16:56
917,,Impressão da OS 005234_001.JPG,154209.0,2025-09-17,17:21
918,,Impressão da OS 005235_001.JPG,186454.0,2025-09-19,16:56
919,,Impressão da OS 005236_001.JPG,190518.0,2025-09-19,08:14
920,,Impressão da OS 005237_001.JPG,155480.0,2025-09-19,11:12
921,,Impressão da OS 005238_001.JPG,209936.0,2025-09-19,17:16
922,,Impressão da OS 005239_001.JPG,210230.0,2025-09-19,18:02
923,,Impressão da OS 005241_001.JPG,216442.0,2025-09-22,14:30
924,,Impressão da OS 005243_001.JPG,222967.0,2025-09-23,14:00
925,,Impressão da OS 005245_001.JPG,203521.0,2025-09-23,12:03
926,,Impressão da OS 005248_001.JPG,209317.0,2025-10-21,16:53
927,,Impressão da OS 005249_001.JPG,271690.0,2025-09-22,16:08
928,,Impressão da OS 005252_001.JPG,199491.0,2025-09-23,09:13
929,,Impressão da OS 005253_001.JPG,196783.0,2025-09-24,09:12
930,,Impressão da OS 005254_001.JPG,212264.0,2025-09-24,09:21
931,,Impressão da OS 005255_001.JPG,258364.0,2025-09-23,13:46
932,,Impressão da OS 005256_001.JPG,200962.0,2025-09-23,17:18
933,,Impressão da OS 005256_002.JPG,192512.0,2025-09-23,14:02
934,,Impressão da OS 005257_001.JPG,194766.0,2025-09-23,16:34
935,,Impressão da OS 005257_002.JPG,194766.0,2025-09-23,16:34
936,,Impressão da OS 005262_001.JPG,200938.0,2025-09-24,16:16
937,,Impressão da OS 005265_001.JPG,202818.0,2025-09-25,08:01
938,,Impressão da OS 005266_001.JPG,184011.0,2025-09-24,16:43
939,,Impressão da OS 005277_001.JPG,246395.0,2025-09-26,16:35
940,,Impressão da OS 005281_001.JPG,153672.0,2025-09-29,13:51
941,,Impressão da OS 005282_001.JPG,153226.0,2025-09-29,13:29
942,,Impressão da OS 005283_001.JPG,231650.0,2025-10-02,15:13
943,,Impressão da OS 005285_001.JPG,181033.0,2025-09-30,16:34
944,,Impressão da OS 005291_001.JPG,232601.0,2025-10-02,08:08
945,,Impressão da OS 005292_001.JPG,202007.0,2025-10-01,14:47
946,,Impressão da OS 005294_001.JPG,216410.0,2025-10-01,17:36
947,,Impressão da OS 005298_001.JPG,185245.0,2025-10-02,13:36
948,,Impressão da OS 005299_001.JPG,178538.0,2025-10-02,13:48
949,,Impressão da OS 005303_001.JPG,227593.0,2025-10-09,11:32
950,,Impressão da OS 005308_001.JPG,225538.0,2025-10-06,17:12
951,,Impressão da OS 005309_001.JPG,252946.0,2025-10-07,17:53
952,,Impressão da OS 005310_001.JPG,23114.0,2025-10-06,09:48
953,,Impressão da OS 005311_001.JPG,338971.0,2025-10-30,15:08
954,,Impressão da OS 005312_001.JPG,162358.0,2025-10-06,11:00
955,,Impressão da OS 005313_001.JPG,177504.0,2025-10-06,11:29
956,,Impressão da OS 005314_001.JPG,340435.0,2025-10-14,17:42
957,,Impressão da OS 005315_001.JPG,231083.0,2025-10-07,07:27
958,,Impressão da OS 005320_001.JPG,209738.0,2025-10-08,11:21
959,,Impressão da OS 005321_001.JPG,245176.0,2025-10-08,17:17
960,,Impressão da OS 005324_001.JPG,227451.0,2025-10-14,10:02
961,,Impressão da OS 005327_001.JPG,215359.0,2025-10-09,17:04
962,,Impressão da OS 005331_001.JPG,192420.0,2025-10-09,11:07
963,,Impressão da OS 005333_001.JPG,190728.0,2025-10-10,10:45
964,,Impressão da OS 005337_001.JPG,176302.0,2025-10-09,17:56
965,,Impressão da OS 005340_001.JPG,181699.0,2025-10-10,13:23
966,,Impressão da OS 005341_001.JPG,158314.0,2025-10-10,14:38
967,,Impressão da OS 005342_001.JPG,156125.0,2025-10-10,17:06
968,,Impressão da OS 005343_001.JPG,175389.0,2025-10-10,16:27
969,,Impressão da OS 005344_001.JPG,145255.0,2025-10-13,10:47
970,,Impressão da OS 005345_001.JPG,242839.0,2025-10-13,10:37
971,,Impressão da OS 005346_001.JPG,223065.0,2025-10-17,16:23
972,,Impressão da OS 005347_001.JPG,20762.0,2025-10-14,14:01
973,,Impressão da OS 005349_001.JPG,163001.0,2025-10-13,17:16
974,,Impressão da OS 005350_001.JPG,189627.0,2025-10-13,15:14
975,,Impressão da OS 005351_001.JPG,158247.0,2025-10-14,07:05
976,,Impressão da OS 005354_001.JPG,211841.0,2025-10-14,11:36
977,,Impressão da OS 005357_001.JPG,177570.0,2025-10-14,14:27
978,,Impressão da OS 005358_001.JPG,201227.0,2025-10-15,10:33
979,,Impressão da OS 005360_001.JPG,197205.0,2025-10-14,17:05
980,,Impressão da OS 005361_001.JPG,222049.0,2025-10-17,08:42
981,,Impressão da OS 005362_001.JPG,214134.0,2025-11-14,10:39
982,,Impressão da OS 005364_001.JPG,210754.0,2025-10-16,11:50
983,,Impressão da OS 005369_001.JPG,222767.0,2025-10-17,16:40
984,,Impressão da OS 005370_001.JPG,214755.0,2025-10-20,15:21
985,,Impressão da OS 005371_001.JPG,189827.0,2025-10-17,11:15
986,,Impressão da OS 005375_001.JPG,246680.0,2025-10-21,07:57
987,,Impressão da OS 005376_001.JPG,180048.0,2025-10-20,17:02
988,,Impressão da OS 005379_001.JPG,290706.0,2025-10-22,17:05
989,,Impressão da OS 005380_001.JPG,159384.0,2025-10-21,14:10
990,,Impressão da OS 005381_001.JPG,161930.0,2025-10-21,10:34
991,,Impressão da OS 005384_001.JPG,219821.0,2025-10-22,15:05
992,,Impressão da OS 005385_001.JPG,155702.0,2025-10-21,14:49
993,,Impressão da OS 005388_001.JPG,202320.0,2025-10-22,14:42
994,,Impressão da OS 005390_001.JPG,159390.0,2025-10-22,14:38
995,,Impressão da OS 005391_001.JPG,197999.0,2025-10-23,09:10
996,,Impressão da OS 005393_001.JPG,165359.0,2025-10-23,13:26
997,,Impressão da OS 005394_001.JPG,156763.0,2025-10-23,13:22
998,,Impressão da OS 005395_001.JPG,195984.0,2025-10-24,11:31
999,,Impressão da OS 005396_001.JPG,191457.0,2025-10-24,09:23
1000,,Impressão da OS 005398_001.JPG,187162.0,2025-10-24,10:01
1001,,Impressão da OS 005400_001.JPG,279179.0,2025-11-11,09:33
1002,,Impressão da OS 005402_001.JPG,239427.0,2025-10-28,08:48
1003,,Impressão da OS 005403_001.JPG,230156.0,2025-10-28,16:21
1004,,Impressão da OS 005404_001.JPG,160497.0,2025-10-27,09:44
1005,,Impressão da OS 005405_001.JPG,200648.0,2025-10-27,13:27
1006,,Impressão da OS 005406_001.JPG,200484.0,2025-10-28,13:31
1007,,Impressão da OS 005407_001.JPG,252779.0,2025-10-31,16:40
1008,,Impressão da OS 005408_001.JPG,223915.0,2025-10-28,14:46
1009,,Impressão da OS 005411_001.JPG,166185.0,2025-10-28,14:35
1010,,Impressão da OS 005412_001.JPG,292648.0,2025-11-06,11:13
1011,,Impressão da OS 005414_001.JPG,156722.0,2025-10-30,08:02
1012,,Impressão da OS 005415_001.JPG,185839.0,2025-10-29,14:27
1013,,Impressão da OS 005417_001.JPG,198009.0,2025-10-31,15:34
1014,,Impressão da OS 005419_001.JPG,206165.0,2025-10-30,16:29
1015,,Impressão da OS 005420_001.JPG,156954.0,2025-10-30,09:48
1016,,Impressão da OS 005423_001.JPG,183928.0,2025-10-31,09:47
1017,,Impressão da OS 005424_001.JPG,225955.0,2025-10-31,10:20
1018,,Impressão da OS 005426_001.JPG,207260.0,2025-10-31,16:52
1019,,Impressão da OS 005427_001.JPG,152494.0,2025-10-31,11:17
1020,,Impressão da OS 005432_001.JPG,243317.0,2025-11-05,13:58
1021,,Impressão da OS 005433_001.JPG,200528.0,2025-11-11,09:29
1022,,Impressão da OS 005435_001.JPG,165148.0,2025-11-04,17:49
1023,,Impressão da OS 005436_001.JPG,257748.0,2025-11-06,15:58
1024,,Impressão da OS 005438_001.JPG,276689.0,2025-11-04,13:30
1025,,Impressão da OS 005439_001.JPG,200229.0,2025-11-04,17:06
1026,,Impressão da OS 005442_001.JPG,235618.0,2025-11-05,14:52
1027,,Impressão da OS 005443_001.JPG,240955.0,2025-12-01,08:17
1028,,Impressão da OS 005444_001.JPG,191979.0,2025-11-05,14:57
1029,,Impressão da OS 005445_001.JPG,166094.0,2025-11-05,15:52
1030,,Impressão da OS 005446_001.JPG,177319.0,2025-11-06,10:28
1031,,Impressão da OS 005447_001.JPG,172292.0,2025-11-07,08:51
1032,,Impressão da OS 005448_001.JPG,185948.0,2025-11-06,10:20
1033,,Impressão da OS 005449_001.JPG,195091.0,2025-11-06,14:08
1034,,Impressão da OS 005452_001.JPG,239682.0,2025-11-07,09:15
1035,,Impressão da OS 005454_001.JPG,205002.0,2025-11-07,16:46
1036,,Impressão da OS 005458_001.JPG,199240.0,2025-11-07,13:52
1037,,Impressão da OS 005459_001.JPG,213428.0,2025-11-07,17:50
1038,,Impressão da OS 005460_001.JPG,165389.0,2025-11-07,09:11
1039,,Impressão da OS 005462_001.JPG,173271.0,2025-11-07,16:40
1040,,Impressão da OS 005463_001.JPG,185958.0,2025-11-07,14:56
1041,,Impressão da OS 005468_001.JPG,199485.0,2025-11-10,10:51
1042,,Impressão da OS 005469_001.JPG,223969.0,2025-11-11,08:40
1043,,Impressão da OS 005473_001.JPG,247002.0,2025-11-12,10:11
1044,,Impressão da OS 005474_001.JPG,208799.0,2025-11-13,07:08
1045,,Impressão da OS 005475_001.JPG,211384.0,2025-11-11,16:18
1046,,Impressão da OS 005476_001.JPG,19448.0,2025-11-11,17:04
1047,,Impressão da OS 005478_001.JPG,206798.0,2025-11-12,10:04
1048,,Impressão da OS 005479_001.JPG,275805.0,2025-11-21,13:54
1049,,Impressão da OS 005481_001.JPG,159188.0,2025-11-12,15:16
1050,,Impressão da OS 005482_001.JPG,199111.0,2025-11-12,14:14
1051,,Impressão da OS 005484_001.JPG,192327.0,2025-11-12,17:59
1052,,Impressão da OS 005485_001.JPG,154724.0,2025-11-12,16:57
1053,,Impressão da OS 005486_001.JPG,174179.0,2025-11-13,10:19
1054,,Impressão da OS 005490_001.JPG,164857.0,2025-11-14,11:36
1055,,Impressão da OS 005491_001.JPG,241429.0,2025-11-17,11:13
1056,,Impressão da OS 005493_001.JPG,219583.0,2025-12-12,08:10
1057,,Impressão da OS 005499_001.JPG,200239.0,2025-11-17,13:08
1058,,Impressão da OS 005500_001.JPG,174317.0,2025-11-19,16:41
1059,,Impressão da OS 005503_001.JPG,167883.0,2025-11-17,18:11
1060,,Impressão da OS 005504_001.JPG,182694.0,2025-11-18,17:46
1061,,Impressão da OS 005505_001.JPG,272301.0,2025-11-18,16:34
1062,,Impressão da OS 005506_001.JPG,194201.0,2025-11-18,08:52
1063,,Impressão da OS 005507_001.JPG,248554.0,2025-11-19,13:22
1064,,Impressão da OS 005509_001.JPG,200769.0,2025-11-26,15:47
1065,,Impressão da OS 005510_001.JPG,184863.0,2025-11-18,16:30
1066,,Impressão da OS 005511_001.JPG,205738.0,2025-11-26,11:24
1067,,Impressão da OS 005513_001.JPG,202750.0,2025-11-19,16:30
1068,,Impressão da OS 005515_001.JPG,172349.0,2025-11-19,11:44
1069,,Impressão da OS 005516_001.JPG,172175.0,2025-11-19,17:58
1070,,Impressão da OS 005518_001.JPG,205641.0,2025-11-19,15:21
1071,,Impressão da OS 005520_001.JPG,221307.0,2025-11-25,13:59
1072,,Impressão da OS 005525_001.JPG,204255.0,2025-11-21,15:12
1073,,Impressão da OS 005526_001.JPG,163994.0,2025-11-21,10:22
1074,,Impressão da OS 005527_001.JPG,187688.0,2025-11-21,15:49
1075,,Impressão da OS 005530_001.JPG,211608.0,2025-11-21,15:14
1076,,Impressão da OS 005533_001.JPG,191589.0,2025-11-24,16:11
1077,,Impressão da OS 005534_001.JPG,282238.0,2025-11-26,07:14
1078,,Impressão da OS 005535_001.JPG,192247.0,2025-11-25,11:01
1079,,Impressão da OS 005538_001.JPG,217605.0,2025-11-26,16:11
1080,,Impressão da OS 005543_001.JPG,170932.0,2025-11-25,15:16
1081,,Impressão da OS 005544_001.JPG,185195.0,2025-11-25,17:08
1082,,Impressão da OS 005547_001.JPG,191853.0,2025-11-26,15:06
1083,,Impressão da OS 005548_001.JPG,161543.0,2025-11-26,15:10
1084,,Impressão da OS 005549_001.JPG,324463.0,2025-11-28,17:24
1085,,Impressão da OS 005549_002.JPG,324463.0,2025-11-28,17:24
1086,,Impressão da OS 005552_001.JPG,184106.0,2025-11-28,10:40
1087,,Impressão da OS 005556_001.JPG,191535.0,2025-11-27,13:42
1088,,Impressão da OS 005557_001.JPG,197091.0,2025-11-27,17:51
1089,,Impressão da OS 005558_001.JPG,165222.0,2025-11-27,13:57
1090,,Impressão da OS 005559_001.JPG,187965.0,2025-11-27,16:54
1091,,Impressão da OS 005561_001.JPG,211947.0,2025-11-28,10:07
1092,,Impressão da OS 005568_001.JPG,193458.0,2025-12-02,15:24
1093,,Impressão da OS 005569_001.JPG,247174.0,2025-12-03,15:28
1094,,Impressão da OS 005570_001.JPG,182900.0,2025-12-01,13:51
1095,,Impressão da OS 005572_001.JPG,182801.0,2025-12-01,11:05
1096,,Impressão da OS 005573_001.JPG,191661.0,2025-12-01,14:24
1097,,Impressão da OS 005574_001.JPG,216960.0,2025-12-03,13:30
1098,,Impressão da OS 005578_001.JPG,203042.0,2025-12-03,11:30
1099,,Impressão da OS 005580_001.JPG,18004.0,2025-12-03,08:26
1100,,Impressão da OS 005583_001.JPG,190666.0,2025-12-03,15:27
1101,,Impressão da OS 005584_001.JPG,199260.0,2025-12-03,13:30
1102,,Impressão da OS 005585_001.JPG,258600.0,2025-12-04,15:01
1103,,Impressão da OS 005587_001.JPG,222465.0,2025-12-09,09:39
1104,,Impressão da OS 005588_001.JPG,286301.0,2025-12-09,09:40
1105,,Impressão da OS 005589_001.JPG,196099.0,2025-12-03,17:00
1106,,Impressão da OS 005591_001.JPG,187183.0,2025-12-04,10:04
1107,,Impressão da OS 005593_001.JPG,203114.0,2025-12-04,15:25
1108,,Impressão da OS 005594_001.JPG,208238.0,2025-12-10,16:28
1109,,Impressão da OS 005595_001.JPG,219448.0,2025-12-04,13:34
1110,,Impressão da OS 005597_001.JPG,222067.0,2025-12-04,15:26
1111,,Impressão da OS 005598_001.JPG,189045.0,2025-12-05,16:26
1112,,Impressão da OS 005607_001.JPG,198344.0,2026-01-19,15:22
1113,,Impressão da OS 005608_001.JPG,197498.0,2025-12-10,14:55
1114,,Impressão da OS 005609_001.JPG,196973.0,2025-12-08,14:48
1115,,Impressão da OS 005610_001.JPG,218699.0,2025-12-08,13:22
1116,,Impressão da OS 005611_001.JPG,18171.0,2025-12-10,07:23
1117,,Impressão da OS 005612_001.JPG,175210.0,2025-12-11,14:31
1118,,Impressão da OS 005612_002.JPG,175210.0,2025-12-11,14:31
1119,,Impressão da OS 005614_001.JPG,173128.0,2025-12-08,18:03
1120,,Impressão da OS 005618_001.JPG,210925.0,2025-12-11,13:28
1121,,Impressão da OS 005619_001.JPG,228565.0,2025-12-10,11:30
1122,,Impressão da OS 005620_001.JPG,209835.0,2025-12-15,16:50
1123,,Impressão da OS 005621_001.JPG,295607.0,2025-12-19,10:29
1124,,Impressão da OS 005622_001.JPG,210195.0,2025-12-09,11:14
1125,,Impressão da OS 005626_001.JPG,153208.0,2025-12-10,08:47
1126,,Impressão da OS 005628_001.JPG,190935.0,2025-12-11,11:06
1127,,Impressão da OS 005629_001.JPG,199015.0,2025-12-10,11:24
1128,,Impressão da OS 005630_001.JPG,243468.0,2025-12-12,15:25
1129,,Impressão da OS 005631_001.JPG,179613.0,2025-12-10,10:11
1130,,Impressão da OS 005632_001.JPG,235383.0,2025-12-11,10:22
1131,,Impressão da OS 005635_001.JPG,197239.0,2025-12-11,17:03
1132,,Impressão da OS 005636_001.JPG,179137.0,2025-12-11,13:43
1133,,Impressão da OS 005637_001.JPG,198644.0,2025-12-19,17:25
1134,,Impressão da OS 005638_001.JPG,201944.0,2025-12-11,14:46
1135,,Impressão da OS 005640_001.JPG,186842.0,2025-12-12,09:02
1136,,Impressão da OS 005641_001.JPG,234282.0,2025-12-12,14:43
1137,,Impressão da OS 005642_001.JPG,200800.0,2025-12-12,13:19
1138,,Impressão da OS 005643_001.JPG,210112.0,2025-12-12,14:14
1139,,Impressão da OS 005645_001.JPG,192951.0,2025-12-12,15:21
1140,,Impressão da OS 005646_001.JPG,258865.0,2025-12-15,09:14
1141,,Impressão da OS 005647_001.JPG,154127.0,2025-12-12,15:28
1142,,Impressão da OS 005651_001.JPG,192480.0,2025-12-16,10:40
1143,,Impressão da OS 005653_001.JPG,238244.0,2025-12-17,13:15
1144,,Impressão da OS 005654_001.JPG,222651.0,2025-12-16,07:37
1145,,Impressão da OS 005656_001.JPG,182720.0,2025-12-15,14:52
1146,,Impressão da OS 005657_001.JPG,244847.0,2025-12-17,15:31
1147,,Impressão da OS 005659_001.JPG,196591.0,2025-12-15,16:42
1148,,Impressão da OS 005660_001.JPG,187006.0,2025-12-16,09:24
1149,,Impressão da OS 005661_001.JPG,164230.0,2025-12-17,17:31
1150,,Impressão da OS 005662_001.JPG,231641.0,2025-12-19,09:44
1151,,Impressão da OS 005665_001.JPG,160518.0,2025-12-16,09:34
1152,,Impressão da OS 005666_001.JPG,204717.0,2025-12-16,16:25
1153,,Impressão da OS 005667_001.JPG,166078.0,2025-12-16,15:32
1154,,Impressão da OS 005668_001.JPG,201049.0,2025-12-16,18:02
1155,,Impressão da OS 005669_001.JPG,168285.0,2025-12-16,13:36
1156,,Impressão da OS 005673_001.JPG,197775.0,2025-12-17,11:33
1157,,Impressão da OS 005674_001.JPG,188870.0,2025-12-17,13:18
1158,,Impressão da OS 005677_001.JPG,186727.0,2025-12-17,17:15
1159,,Impressão da OS 005681_001.JPG,192977.0,2025-12-18,14:49
1160,,Impressão da OS 005684_001.JPG,193187.0,2025-12-18,15:38
1161,,Impressão da OS 005685_001.JPG,185227.0,2025-12-18,09:05
1162,,Impressão da OS 005686_001.JPG,198417.0,2025-12-18,17:43
1163,,Impressão da OS 005687_001.JPG,187339.0,2025-12-18,16:48
1164,,Impressão da OS 005691_001.JPG,154309.0,2025-12-19,13:42
1165,,Impressão da OS 005695_001.JPG,198625.0,2025-12-19,15:21
1166,,Impressão da OS 005696_001.JPG,158023.0,2025-12-19,10:58
1167,,Impressão da OS 005700_001.JPG,182016.0,2025-12-19,15:31
1168,,Impressão da OS 005701_001.JPG,190182.0,2026-01-08,15:48
1169,,Impressão da OS 005705_001.JPG,210100.0,2026-01-05,16:56
1170,,Impressão da OS 005710_001.JPG,189801.0,2026-01-06,07:36
1171,,Impressão da OS 005711_001.JPG,167105.0,2026-01-06,08:39
1172,,Impressão da OS 005712_001.JPG,229349.0,2026-01-07,11:01
1173,,Impressão da OS 005713_001.JPG,222355.0,2026-01-06,10:48
1174,,Impressão da OS 005714_001.JPG,168544.0,2026-01-07,15:16
1175,,Impressão da OS 005715_001.JPG,185886.0,2026-01-06,09:16
1176,,Impressão da OS 005716_001.JPG,201139.0,2026-01-06,16:53
1177,,Impressão da OS 005721_001.JPG,192276.0,2026-01-19,10:32
1178,,Impressão da OS 005723_001.JPG,206863.0,2026-01-07,16:25
1179,,Impressão da OS 005725_001.JPG,20888.0,2026-01-07,16:07
1180,,Impressão da OS 005727_001.JPG,168658.0,2026-01-08,16:33
1181,,Impressão da OS 005728_001.JPG,207290.0,2026-01-08,15:06
1182,,Impressão da OS 005729_001.JPG,200271.0,2026-01-09,13:46
1183,,Impressão da OS 005730_001.JPG,20607.0,2026-01-08,16:39
1184,,Impressão da OS 005731_001.JPG,214667.0,2026-01-16,14:23
1185,,Impressão da OS 005734_001.JPG,220282.0,2026-01-09,15:31
1186,,Impressão da OS 005741_001.JPG,154003.0,2026-01-09,17:37
1187,,Impressão da OS 005742_001.JPG,218153.0,2026-01-12,15:19
1188,,Impressão da OS 005746_001.JPG,313993.0,2026-02-13,16:32
1189,,Impressão da OS 005746_002.JPG,313993.0,2026-02-13,16:32
1190,,Impressão da OS 005747_001.JPG,195525.0,2026-01-14,14:59
1191,,Impressão da OS 005748_001.JPG,209461.0,2026-01-13,17:41
1192,,Impressão da OS 005749_001.JPG,182039.0,2026-01-16,15:34
1193,,Impressão da OS 005751_001.JPG,215894.0,2026-01-13,16:41
1194,,Impressão da OS 005753_001.JPG,168977.0,2026-01-13,09:44
1195,,Impressão da OS 005756_001.JPG,189962.0,2026-01-13,14:53
1196,,Impressão da OS 005757_001.JPG,203208.0,2026-01-13,14:29
1197,,Impressão da OS 005757_002.JPG,203208.0,2026-01-13,14:29
1198,,Impressão da OS 005758_001.JPG,182741.0,2026-01-13,15:08
1199,,Impressão da OS 005760_001.JPG,200595.0,2026-01-19,15:24
1200,,Impressão da OS 005760_002.JPG,200595.0,2026-01-19,15:24
1201,,Impressão da OS 005761_001.JPG,249291.0,2026-01-14,16:54
1202,,Impressão da OS 005763_001.JPG,170806.0,2026-01-14,13:25
1203,,Impressão da OS 005765_001.JPG,185714.0,2026-01-15,08:49
1204,,Impressão da OS 005767_001.JPG,160092.0,2026-01-15,07:33
1205,,Impressão da OS 005769_001.JPG,197613.0,2026-01-15,08:58
1206,,Impressão da OS 005773_001.JPG,162888.0,2026-01-15,13:53
1207,,Impressão da OS 005774_001.JPG,214573.0,2026-01-26,17:48
1208,,Impressão da OS 005775_001.JPG,197179.0,2026-01-19,15:26
1209,,Impressão da OS 005776_001.JPG,284917.0,2026-01-22,10:51
1210,,Impressão da OS 005777_001.JPG,157819.0,2026-01-20,08:56
1211,,Impressão da OS 005778_001.JPG,212117.0,2026-01-16,14:02
1212,,Impressão da OS 005781_001.JPG,190040.0,2026-01-16,15:23
1213,,Impressão da OS 005782_001.JPG,177914.0,2026-01-16,13:23
1214,,Impressão da OS 005784_001.JPG,186548.0,2026-01-16,16:50
1215,,Impressão da OS 005785_001.JPG,162330.0,2026-01-16,14:39
1216,,Impressão da OS 005787_001.JPG,190570.0,2026-01-19,18:18
1217,,Impressão da OS 005789_001.JPG,161212.0,2026-01-19,10:53
1218,,Impressão da OS 005794_001.JPG,158420.0,2026-01-20,16:47
1219,,Impressão da OS 005797_001.JPG,359755.0,2026-02-10,10:03
1220,,Impressão da OS 005798_001.JPG,206414.0,2026-01-21,15:32
1221,,Impressão da OS 005802_001.JPG,169258.0,2026-01-22,09:25
1222,,Impressão da OS 005803_001.JPG,189981.0,2026-01-21,15:34
1223,,Impressão da OS 005804_001.JPG,210923.0,2026-01-22,11:14
1224,,Impressão da OS 005805_001.JPG,199942.0,2026-01-22,16:32
1225,,Impressão da OS 005808_001.JPG,201358.0,2026-01-22,17:22
1226,,Impressão da OS 005810_001.JPG,185364.0,2026-01-23,09:39
1227,,Impressão da OS 005811_001.JPG,191902.0,2026-01-23,09:42
1228,,Impressão da OS 005812_001.JPG,212111.0,2026-01-23,17:42
1229,,Impressão da OS 005814_001.JPG,182484.0,2026-01-26,17:08
1230,,Impressão da OS 005815_001.JPG,231260.0,2026-01-27,10:06
1231,,Impressão da OS 005818_001.JPG,160577.0,2026-01-26,17:02
1232,,Impressão da OS 005818_002.JPG,160577.0,2026-01-26,17:02
1233,,Impressão da OS 005819_001.JPG,199172.0,2026-01-28,11:50
1234,,Impressão da OS 005819_002.JPG,199172.0,2026-01-28,11:50
1235,,Impressão da OS 005820_001.JPG,208400.0,2026-01-28,09:04
1236,,Impressão da OS 005820_002.JPG,208400.0,2026-01-28,09:04
1237,,Impressão da OS 005821_001.JPG,189712.0,2026-01-29,16:46
1238,,Impressão da OS 005823_001.JPG,170132.0,2026-01-27,09:48
1239,,Impressão da OS 005824_001.JPG,196168.0,2026-01-27,15:04
1240,,Impressão da OS 005826_001.JPG,227937.0,2026-02-09,16:34
1241,,Impressão da OS 005827_001.JPG,197906.0,2026-02-13,13:38
1242,,Impressão da OS 005828_001.JPG,216957.0,2026-02-10,08:19
1243,,Impressão da OS 005830_001.JPG,388345.0,2026-02-03,15:24
1244,,Impressão da OS 005830_002.JPG,388345.0,2026-02-03,15:24
1245,,Impressão da OS 005831_001.JPG,15001.0,2026-02-03,08:29
1246,,Impressão da OS 005833_001.JPG,156136.0,2026-01-28,16:52
1247,,Impressão da OS 005835_001.JPG,174410.0,2026-01-30,08:38
1248,,Impressão da OS 005836_001.JPG,189245.0,2026-02-05,10:55
1249,,Impressão da OS 005839_001.JPG,206351.0,2026-02-03,17:19
1250,,Impressão da OS 005841_001.JPG,181195.0,2026-02-03,09:11
1251,,Impressão da OS 005843_001.JPG,188352.0,2026-02-03,08:41
1252,,Impressão da OS 005846_001.JPG,183581.0,2026-02-03,17:04
1253,,Impressão da OS 005848_001.JPG,284235.0,2026-02-13,10:28
1254,,Impressão da OS 005849_001.JPG,190024.0,2026-02-04,14:28
1255,,Impressão da OS 005850_001.JPG,224484.0,2026-02-05,16:02
1256,,Impressão da OS 005851_001.JPG,204572.0,2026-02-06,13:54
1257,,Impressão da OS 005854_001.JPG,188124.0,2026-02-05,11:20
1258,,Impressão da OS 005855_001.JPG,259957.0,2026-02-05,09:33
1259,,Impressão da OS 005856_001.JPG,255379.0,2026-02-05,10:17
1260,,Impressão da OS 005860_001.JPG,186547.0,2026-02-06,14:19
1261,,Impressão da OS 005864_001.JPG,197293.0,2026-02-06,16:12
1262,,Impressão da OS 005865_001.JPG,189347.0,2026-02-06,15:03
1263,,Impressão da OS 005868_001.JPG,172416.0,2026-02-09,15:57
1264,,Impressão da OS 005869_001.JPG,224119.0,2026-02-10,08:14
1265,,Impressão da OS 005872_001.JPG,181746.0,2026-02-10,10:25
1266,,Impressão da OS 005873_001.JPG,176343.0,2026-02-10,17:48
1267,,Impressão da OS 005877_001.JPG,239866.0,2026-02-13,10:30
1268,,Impressão da OS 005878_001.JPG,261828.0,2026-02-12,11:14
1269,,Impressão da OS 005879_001.JPG,163719.0,2026-02-11,11:11
1270,,Impressão da OS 005880_001.JPG,188522.0,2026-02-11,15:54
1271,,Impressão da OS 005885_001.JPG,158088.0,2026-02-13,09:26
1272,,Impressão da OS 005888_001.JPG,198056.0,2026-02-13,17:14
1273,,Impressão da OS 005890_001.JPG,181942.0,2026-02-13,14:54
1274,,Impressão da OS 005893_001.JPG,191044.0,2026-02-13,16:35
1275,,Relatorio das Ordem de Servico_001.JPG,123060.0,2024-10-25,10:00
1276,,Relatorio do CONTAS A RECEBER_001.JPG,265116.0,2024-11-19,16:00
